Date,Precipitation
1970-12-27,3.6
1970-12-28,3.6
1970-12-29,3.6
1970-12-30,3.6
1970-12-31,3.6
1971-01-01,1.31
1971-01-02,1.31
1971-01-03,1.31
1971-01-04,1.31
1971-01-05,1.31
1971-01-06,1.31
1971-01-07,1.31
1971-01-08,1.31
1971-01-09,1.31
1971-01-10,1.31
1971-01-11,1.31
1971-01-12,1.31
1971-01-13,1.31
1971-01-14,1.31
1971-01-15,1.31
1971-01-16,1.31
1971-01-17,1.31
1971-01-18,1.31
1971-01-19,1.31
1971-01-20,1.31
1971-01-21,1.31
1971-01-22,1.31
1971-01-23,1.31
1971-01-24,1.31
1971-01-25,1.31
1971-01-26,1.31
1971-01-27,1.31
1971-01-28,1.31
1971-01-29,1.31
1971-01-30,1.31
1971-01-31,1.31
1971-02-01,0.0
1971-02-02,0.0
1971-02-03,0.0
1971-02-04,0.0
1971-02-05,0.0
1971-02-06,0.0
1971-02-07,0.0
1971-02-08,14.43
1971-02-09,14.43
1971-02-10,14.43
1971-02-11,0.0
1971-02-12,0.0
1971-02-13,0.0
1971-02-14,14.43
1971-02-15,14.43
1971-02-16,14.43
1971-02-17,14.43
1971-02-18,14.43
1971-02-19,0.0
1971-02-20,14.43
1971-02-21,0.0
1971-02-22,0.0
1971-02-23,0.0
1971-02-24,0.0
1971-02-25,0.0
1971-02-26,0.0
1971-02-27,0.0
1971-02-28,0.0
1971-03-01,0.0
1971-03-02,0.0
1971-03-03,20.78
1971-03-04,15.05
1971-03-05,16.18
1971-03-06,4.08
1971-03-07,4.08
1971-03-08,8.09
1971-03-09,20.11
1971-03-10,10.07
1971-03-11,12.68
1971-03-12,0.0
1971-03-13,18.18
1971-03-14,0.0
1971-03-15,0.0
1971-03-16,0.0
1971-03-17,0.0
1971-03-18,0.0
1971-03-19,0.0
1971-03-20,0.0
1971-03-21,0.0
1971-03-22,0.0
1971-03-23,8.09
1971-03-24,4.88
1971-03-25,0.0
1971-03-26,0.0
1971-03-27,20.78
1971-03-28,15.99
1971-03-29,18.18
1971-03-30,10.53
1971-03-31,9.57
1971-04-01,25.53
1971-04-02,28.88
1971-04-03,24.71
1971-04-04,0.0
1971-04-05,0.0
1971-04-06,0.0
1971-04-07,0.0
1971-04-08,0.0
1971-04-09,0.0
1971-04-10,19.0
1971-04-11,8.1
1971-04-12,11.42
1971-04-13,15.74
1971-04-14,8.79
1971-04-15,4.83
1971-04-16,0.0
1971-04-17,0.0
1971-04-18,0.0
1971-04-19,0.0
1971-04-20,7.92
1971-04-21,16.53
1971-04-22,0.0
1971-04-23,0.0
1971-04-24,12.69
1971-04-25,12.28
1971-04-26,0.0
1971-04-27,0.0
1971-04-28,0.0
1971-04-29,0.0
1971-04-30,0.0
1971-05-01,0.0
1971-05-02,14.88
1971-05-03,24.73
1971-05-04,23.61
1971-05-05,0.0
1971-05-06,27.65
1971-05-07,50.5
1971-05-08,67.74
1971-05-09,56.49
1971-05-10,15.45
1971-05-11,50.5
1971-05-12,26.18
1971-05-13,0.0
1971-05-14,0.0
1971-05-15,30.11
1971-05-16,34.29
1971-05-17,0.0
1971-05-18,0.0
1971-05-19,0.0
1971-05-20,0.0
1971-05-21,14.34
1971-05-22,26.92
1971-05-23,8.28
1971-05-24,0.0
1971-05-25,0.0
1971-05-26,0.0
1971-05-27,0.0
1971-05-28,0.0
1971-05-29,0.0
1971-05-30,0.0
1971-05-31,0.0
1971-06-01,0.0
1971-06-02,0.0
1971-06-03,0.0
1971-06-04,0.0
1971-06-05,0.0
1971-06-06,0.0
1971-06-07,0.0
1971-06-08,0.0
1971-06-09,6.75
1971-06-10,6.75
1971-06-11,22.23
1971-06-12,10.78
1971-06-13,20.88
1971-06-14,26.3
1971-06-15,27.9
1971-06-16,23.65
1971-06-17,12.66
1971-06-18,5.17
1971-06-19,0.0
1971-06-20,0.0
1971-06-21,11.64
1971-06-22,17.77
1971-06-23,9.69
1971-06-24,6.04
1971-06-25,9.69
1971-06-26,0.0
1971-06-27,0.0
1971-06-28,5.17
1971-06-29,10.38
1971-06-30,16.57
1971-07-01,29.32
1971-07-02,38.18
1971-07-03,28.93
1971-07-04,21.75
1971-07-05,29.69
1971-07-06,15.83
1971-07-07,18.58
1971-07-08,8.29
1971-07-09,0.0
1971-07-10,0.0
1971-07-11,25.05
1971-07-12,25.55
1971-07-13,0.0
1971-07-14,0.0
1971-07-15,28.55
1971-07-16,6.41
1971-07-17,10.86
1971-07-18,7.45
1971-07-19,0.0
1971-07-20,0.0
1971-07-21,0.0
1971-07-22,0.0
1971-07-23,30.68
1971-07-24,9.18
1971-07-25,25.55
1971-07-26,0.0
1971-07-27,0.0
1971-07-28,0.0
1971-07-29,0.0
1971-07-30,0.0
1971-07-31,6.41
1971-08-01,12.18
1971-08-02,12.18
1971-08-03,15.05
1971-08-04,17.41
1971-08-05,28.81
1971-08-06,32.41
1971-08-07,38.07
1971-08-08,47.44
1971-08-09,52.82
1971-08-10,53.49
1971-08-11,52.29
1971-08-12,49.52
1971-08-13,39.87
1971-08-14,44.2
1971-08-15,40.87
1971-08-16,38.8
1971-08-17,33.56
1971-08-18,14.62
1971-08-19,22.97
1971-08-20,34.89
1971-08-21,35.43
1971-08-22,44.78
1971-08-23,42.92
1971-08-24,24.98
1971-08-25,17.67
1971-08-26,13.63
1971-08-27,8.58
1971-08-28,0.0
1971-08-29,0.0
1971-08-30,0.0
1971-08-31,0.0
1971-09-01,0.0
1971-09-02,0.0
1971-09-03,0.0
1971-09-04,0.0
1971-09-05,0.0
1971-09-06,34.32
1971-09-07,0.0
1971-09-08,0.0
1971-09-09,0.0
1971-09-10,0.0
1971-09-11,0.0
1971-09-12,0.0
1971-09-13,0.0
1971-09-14,0.0
1971-09-15,0.0
1971-09-16,0.0
1971-09-17,0.0
1971-09-18,34.32
1971-09-19,0.0
1971-09-20,0.0
1971-09-21,0.0
1971-09-22,0.0
1971-09-23,0.0
1971-09-24,0.0
1971-09-25,0.0
1971-09-26,34.32
1971-09-27,34.32
1971-09-28,34.32
1971-09-29,34.32
1971-09-30,34.32
1971-10-01,0.0
1971-10-02,0.0
1971-10-03,0.0
1971-10-04,0.0
1971-10-05,0.0
1971-10-06,0.0
1971-10-07,0.0
1971-10-08,0.0
1971-10-09,0.0
1971-10-10,0.0
1971-10-11,0.0
1971-10-12,0.0
1971-10-13,0.0
1971-10-14,0.0
1971-10-15,0.0
1971-10-16,0.0
1971-10-17,0.0
1971-10-18,52.7
1971-10-19,52.7
1971-10-20,52.7
1971-10-21,0.0
1971-10-22,52.7
1971-10-23,52.7
1971-10-24,52.7
1971-10-25,0.0
1971-10-26,52.7
1971-10-27,0.0
1971-10-28,0.0
1971-10-29,0.0
1971-10-30,0.0
1971-10-31,0.0
1971-11-01,0.0
1971-11-02,0.0
1971-11-03,0.0
1971-11-04,0.0
1971-11-05,0.0
1971-11-06,0.0
1971-11-07,0.0
1971-11-08,0.0
1971-11-09,0.0
1971-11-10,0.0
1971-11-11,0.0
1971-11-12,0.0
1971-11-13,0.0
1971-11-14,0.0
1971-11-15,0.0
1971-11-16,0.0
1971-11-17,0.0
1971-11-18,0.0
1971-11-19,0.0
1971-11-20,0.0
1971-11-21,0.0
1971-11-22,0.0
1971-11-23,0.0
1971-11-24,0.0
1971-11-25,0.0
1971-11-26,0.0
1971-11-27,0.0
1971-11-28,0.0
1971-11-29,0.0
1971-11-30,0.0
1971-12-01,3.6
1971-12-02,3.6
1971-12-03,3.6
1971-12-04,3.6
1971-12-05,3.6
1971-12-06,3.6
1971-12-07,3.6
1971-12-08,3.6
1971-12-09,3.6
1971-12-10,3.6
1971-12-11,3.6
1971-12-12,3.6
1971-12-13,3.6
1971-12-14,3.6
1971-12-15,3.6
1971-12-16,3.6
1971-12-17,3.6
1971-12-18,3.6
1971-12-19,3.6
1971-12-20,3.6
1971-12-21,3.6
1971-12-22,3.6
1971-12-23,3.6
1971-12-24,3.6
1971-12-25,3.6
1971-12-26,3.6
1971-12-27,3.6
1971-12-28,3.6
1971-12-29,3.6
1971-12-30,3.6
1971-12-31,3.6
1972-01-01,1.31
1972-01-02,1.31
1972-01-03,1.31
1972-01-04,1.31
1972-01-05,1.31
1972-01-06,1.31
1972-01-07,1.31
1972-01-08,1.31
1972-01-09,1.31
1972-01-10,1.31
1972-01-11,1.31
1972-01-12,1.31
1972-01-13,1.31
1972-01-14,1.31
1972-01-15,1.31
1972-01-16,1.31
1972-01-17,1.31
1972-01-18,1.31
1972-01-19,1.31
1972-01-20,1.31
1972-01-21,1.31
1972-01-22,1.31
1972-01-23,1.31
1972-01-24,1.31
1972-01-25,1.31
1972-01-26,1.31
1972-01-27,1.31
1972-01-28,1.31
1972-01-29,1.31
1972-01-30,1.31
1972-01-31,1.31
1972-02-01,0.0
1972-02-02,0.0
1972-02-03,0.0
1972-02-04,0.0
1972-02-05,0.0
1972-02-06,0.0
1972-02-07,0.0
1972-02-08,0.0
1972-02-09,0.0
1972-02-10,0.0
1972-02-11,0.0
1972-02-12,0.0
1972-02-13,0.0
1972-02-14,0.0
1972-02-15,0.0
1972-02-16,0.0
1972-02-17,0.0
1972-02-18,0.0
1972-02-19,0.0
1972-02-20,0.0
1972-02-21,0.0
1972-02-22,0.0
1972-02-23,14.43
1972-02-24,14.43
1972-02-25,0.0
1972-02-26,0.0
1972-02-27,0.0
1972-02-28,0.0
1972-02-29,0.0
1972-03-01,6.18
1972-03-02,0.0
1972-03-03,0.0
1972-03-04,12.1
1972-03-05,0.0
1972-03-06,0.0
1972-03-07,0.0
1972-03-08,0.0
1972-03-09,0.0
1972-03-10,0.0
1972-03-11,4.88
1972-03-12,6.18
1972-03-13,4.88
1972-03-14,0.0
1972-03-15,0.0
1972-03-16,0.0
1972-03-17,0.0
1972-03-18,13.71
1972-03-19,15.19
1972-03-20,5.1
1972-03-21,0.0
1972-03-22,0.0
1972-03-23,0.0
1972-03-24,0.0
1972-03-25,0.0
1972-03-26,0.0
1972-03-27,6.97
1972-03-28,8.5
1972-03-29,19.54
1972-03-30,30.71
1972-03-31,9.91
1972-04-01,0.0
1972-04-02,0.0
1972-04-03,0.0
1972-04-04,0.0
1972-04-05,0.0
1972-04-06,0.0
1972-04-07,0.0
1972-04-08,0.0
1972-04-09,0.0
1972-04-10,0.0
1972-04-11,6.47
1972-04-12,8.01
1972-04-13,9.82
1972-04-14,14.08
1972-04-15,26.14
1972-04-16,20.54
1972-04-17,23.17
1972-04-18,2.95
1972-04-19,0.0
1972-04-20,0.0
1972-04-21,0.0
1972-04-22,0.0
1972-04-23,0.0
1972-04-24,0.0
1972-04-25,11.87
1972-04-26,16.88
1972-04-27,29.01
1972-04-28,24.55
1972-04-29,0.0
1972-04-30,0.0
1972-05-01,0.0
1972-05-02,0.0
1972-05-03,18.03
1972-05-04,0.0
1972-05-05,0.0
1972-05-06,0.0
1972-05-07,0.0
1972-05-08,48.76
1972-05-09,47.58
1972-05-10,10.74
1972-05-11,14.88
1972-05-12,26.92
1972-05-13,39.76
1972-05-14,18.39
1972-05-15,27.3
1972-05-16,20.42
1972-05-17,8.28
1972-05-18,16.8
1972-05-19,47.71
1972-05-20,65.3
1972-05-21,64.06
1972-05-22,20.42
1972-05-23,38.62
1972-05-24,41.36
1972-05-25,31.43
1972-05-26,52.12
1972-05-27,55.02
1972-05-28,49.08
1972-05-29,37.67
1972-05-30,41.62
1972-05-31,0.0
1972-06-01,0.0
1972-06-02,0.0
1972-06-03,0.0
1972-06-04,0.0
1972-06-05,0.0
1972-06-06,0.0
1972-06-07,0.0
1972-06-08,0.0
1972-06-09,0.0
1972-06-10,0.0
1972-06-11,0.0
1972-06-12,9.69
1972-06-13,11.91
1972-06-14,10.04
1972-06-15,13.39
1972-06-16,16.05
1972-06-17,21.93
1972-06-18,23.47
1972-06-19,6.04
1972-06-20,7.21
1972-06-21,18.44
1972-06-22,8.48
1972-06-23,5.63
1972-06-24,9.32
1972-06-25,6.75
1972-06-26,6.75
1972-06-27,6.04
1972-06-28,7.49
1972-06-29,12.17
1972-06-30,12.41
1972-07-01,11.33
1972-07-02,8.29
1972-07-03,6.41
1972-07-04,0.0
1972-07-05,0.0
1972-07-06,8.29
1972-07-07,8.29
1972-07-08,8.29
1972-07-09,0.0
1972-07-10,0.0
1972-07-11,0.0
1972-07-12,0.0
1972-07-13,0.0
1972-07-14,6.41
1972-07-15,0.0
1972-07-16,11.77
1972-07-17,29.14
1972-07-18,9.79
1972-07-19,6.41
1972-07-20,0.0
1972-07-21,6.41
1972-07-22,10.86
1972-07-23,14.05
1972-07-24,6.41
1972-07-25,8.29
1972-07-26,11.77
1972-07-27,16.57
1972-07-28,15.83
1972-07-29,18.96
1972-07-30,16.81
1972-07-31,14.05
1972-08-01,14.62
1972-08-02,12.18
1972-08-03,0.0
1972-08-04,12.18
1972-08-05,26.44
1972-08-06,14.62
1972-08-07,20.74
1972-08-08,40.87
1972-08-09,47.82
1972-08-10,49.12
1972-08-11,39.3
1972-08-12,47.72
1972-08-13,49.68
1972-08-14,40.65
1972-08-15,31.91
1972-08-16,39.59
1972-08-17,26.21
1972-08-18,10.22
1972-08-19,12.18
1972-08-20,0.0
1972-08-21,0.0
1972-08-22,0.0
1972-08-23,10.22
1972-08-24,0.0
1972-08-25,0.0
1972-08-26,10.22
1972-08-27,18.39
1972-08-28,20.74
1972-08-29,20.74
1972-08-30,0.0
1972-08-31,0.0
1972-09-01,34.32
1972-09-02,0.0
1972-09-03,0.0
1972-09-04,0.0
1972-09-05,34.32
1972-09-06,0.0
1972-09-07,0.0
1972-09-08,0.0
1972-09-09,0.0
1972-09-10,34.32
1972-09-11,34.32
1972-09-12,34.32
1972-09-13,0.0
1972-09-14,0.0
1972-09-15,0.0
1972-09-16,0.0
1972-09-17,0.0
1972-09-18,34.32
1972-09-19,34.32
1972-09-20,34.32
1972-09-21,0.0
1972-09-22,0.0
1972-09-23,0.0
1972-09-24,0.0
1972-09-25,0.0
1972-09-26,0.0
1972-09-27,0.0
1972-09-28,34.32
1972-09-29,34.32
1972-09-30,0.0
1972-10-01,0.0
1972-10-02,52.7
1972-10-03,52.7
1972-10-04,52.7
1972-10-05,52.7
1972-10-06,52.7
1972-10-07,0.0
1972-10-08,0.0
1972-10-09,0.0
1972-10-10,0.0
1972-10-11,0.0
1972-10-12,52.7
1972-10-13,52.7
1972-10-14,0.0
1972-10-15,0.0
1972-10-16,0.0
1972-10-17,0.0
1972-10-18,52.7
1972-10-19,0.0
1972-10-20,0.0
1972-10-21,0.0
1972-10-22,0.0
1972-10-23,0.0
1972-10-24,0.0
1972-10-25,0.0
1972-10-26,0.0
1972-10-27,0.0
1972-10-28,0.0
1972-10-29,0.0
1972-10-30,0.0
1972-10-31,0.0
1972-11-01,0.0
1972-11-02,0.0
1972-11-03,0.0
1972-11-04,0.0
1972-11-05,0.0
1972-11-06,0.0
1972-11-07,0.0
1972-11-08,0.0
1972-11-09,0.0
1972-11-10,0.0
1972-11-11,0.0
1972-11-12,0.0
1972-11-13,0.0
1972-11-14,0.0
1972-11-15,0.0
1972-11-16,0.0
1972-11-17,56.16
1972-11-18,0.0
1972-11-19,56.16
1972-11-20,56.16
1972-11-21,0.0
1972-11-22,0.0
1972-11-23,0.0
1972-11-24,0.0
1972-11-25,0.0
1972-11-26,0.0
1972-11-27,0.0
1972-11-28,0.0
1972-11-29,0.0
1972-11-30,0.0
1972-12-01,3.6
1972-12-02,3.6
1972-12-03,3.6
1972-12-04,3.6
1972-12-05,3.6
1972-12-06,3.6
1972-12-07,3.6
1972-12-08,3.6
1972-12-09,3.6
1972-12-10,3.6
1972-12-11,3.6
1972-12-12,3.6
1972-12-13,3.6
1972-12-14,3.6
1972-12-15,3.6
1972-12-16,3.6
1972-12-17,3.6
1972-12-18,3.6
1972-12-19,3.6
1972-12-20,3.6
1972-12-21,3.6
1972-12-22,3.6
1972-12-23,3.6
1972-12-24,3.6
1972-12-25,3.6
1972-12-26,3.6
1972-12-27,3.6
1972-12-28,3.6
1972-12-29,3.6
1972-12-30,3.6
1972-12-31,3.6
1973-01-01,1.31
1973-01-02,1.31
1973-01-03,1.31
1973-01-04,1.31
1973-01-05,1.31
1973-01-06,1.31
1973-01-07,1.31
1973-01-08,1.31
1973-01-09,1.31
1973-01-10,1.31
1973-01-11,1.31
1973-01-12,1.31
1973-01-13,1.31
1973-01-14,1.31
1973-01-15,1.31
1973-01-16,1.31
1973-01-17,1.31
1973-01-18,1.31
1973-01-19,1.31
1973-01-20,1.31
1973-01-21,1.31
1973-01-22,1.31
1973-01-23,1.31
1973-01-24,1.31
1973-01-25,1.31
1973-01-26,1.31
1973-01-27,1.31
1973-01-28,1.31
1973-01-29,1.31
1973-01-30,1.31
1973-01-31,1.31
1973-02-01,0.0
1973-02-02,0.0
1973-02-03,0.0
1973-02-04,0.0
1973-02-05,0.0
1973-02-06,0.0
1973-02-07,0.0
1973-02-08,0.0
1973-02-09,0.0
1973-02-10,0.0
1973-02-11,0.0
1973-02-12,0.0
1973-02-13,0.0
1973-02-14,0.0
1973-02-15,14.43
1973-02-16,14.43
1973-02-17,0.0
1973-02-18,0.0
1973-02-19,0.0
1973-02-20,0.0
1973-02-21,0.0
1973-02-22,0.0
1973-02-23,0.0
1973-02-24,0.0
1973-02-25,0.0
1973-02-26,0.0
1973-02-27,0.0
1973-02-28,0.0
1973-03-01,0.0
1973-03-02,0.0
1973-03-03,0.0
1973-03-04,4.08
1973-03-05,2.13
1973-03-06,2.93
1973-03-07,8.69
1973-03-08,0.0
1973-03-09,0.0
1973-03-10,0.0
1973-03-11,0.0
1973-03-12,0.0
1973-03-13,7.68
1973-03-14,1.13
1973-03-15,5.67
1973-03-16,0.0
1973-03-17,0.0
1973-03-18,1.87
1973-03-19,6.11
1973-03-20,1.13
1973-03-21,0.0
1973-03-22,0.0
1973-03-23,0.0
1973-03-24,0.0
1973-03-25,0.0
1973-03-26,0.0
1973-03-27,0.0
1973-03-28,0.0
1973-03-29,0.0
1973-03-30,0.0
1973-03-31,0.0
1973-04-01,0.0
1973-04-02,0.0
1973-04-03,6.47
1973-04-04,9.69
1973-04-05,12.48
1973-04-06,5.99
1973-04-07,8.1
1973-04-08,7.74
1973-04-09,3.51
1973-04-10,2.95
1973-04-11,11.66
1973-04-12,36.14
1973-04-13,18.95
1973-04-14,28.19
1973-04-15,25.44
1973-04-16,6.47
1973-04-17,18.04
1973-04-18,0.0
1973-04-19,0.0
1973-04-20,0.0
1973-04-21,0.0
1973-04-22,0.0
1973-04-23,0.0
1973-04-24,0.0
1973-04-25,0.0
1973-04-26,5.99
1973-04-27,0.0
1973-04-28,31.06
1973-04-29,27.77
1973-04-30,2.95
1973-05-01,18.39
1973-05-02,0.0
1973-05-03,0.0
1973-05-04,0.0
1973-05-05,0.0
1973-05-06,0.0
1973-05-07,41.71
1973-05-08,49.52
1973-05-09,12.37
1973-05-10,19.77
1973-05-11,0.0
1973-05-12,27.47
1973-05-13,22.1
1973-05-14,6.46
1973-05-15,8.28
1973-05-16,20.99
1973-05-17,26.18
1973-05-18,24.52
1973-05-19,42.71
1973-05-20,45.91
1973-05-21,66.76
1973-05-22,51.62
1973-05-23,18.39
1973-05-24,0.0
1973-05-25,6.46
1973-05-26,0.0
1973-05-27,0.0
1973-05-28,8.28
1973-05-29,6.46
1973-05-30,0.0
1973-05-31,0.0
1973-06-01,0.0
1973-06-02,10.04
1973-06-03,11.36
1973-06-04,16.57
1973-06-05,22.23
1973-06-06,21.63
1973-06-07,18.57
1973-06-08,22.23
1973-06-09,49.6
1973-06-10,46.7
1973-06-11,60.28
1973-06-12,52.37
1973-06-13,44.62
1973-06-14,46.85
1973-06-15,48.04
1973-06-16,52.07
1973-06-17,65.11
1973-06-18,57.79
1973-06-19,50.17
1973-06-20,20.77
1973-06-21,17.17
1973-06-22,6.75
1973-06-23,6.75
1973-06-24,17.17
1973-06-25,24.6
1973-06-26,19.85
1973-06-27,0.0
1973-06-28,8.91
1973-06-29,0.0
1973-06-30,10.38
1973-07-01,18.38
1973-07-02,13.39
1973-07-03,14.05
1973-07-04,12.57
1973-07-05,6.41
1973-07-06,9.18
1973-07-07,4.95
1973-07-08,6.41
1973-07-09,6.41
1973-07-10,17.27
1973-07-11,26.9
1973-07-12,17.27
1973-07-13,18.96
1973-07-14,80.79
1973-07-15,60.89
1973-07-16,9.79
1973-07-17,16.33
1973-07-18,20.81
1973-07-19,21.13
1973-07-20,15.83
1973-07-21,0.0
1973-07-22,4.95
1973-07-23,6.41
1973-07-24,0.0
1973-07-25,0.0
1973-07-26,14.05
1973-07-27,20.81
1973-07-28,30.6
1973-07-29,55.36
1973-07-30,84.51
1973-07-31,80.62
1973-08-01,50.85
1973-08-02,39.61
1973-08-03,64.34
1973-08-04,37.05
1973-08-05,0.0
1973-08-06,0.0
1973-08-07,0.0
1973-08-08,0.0
1973-08-09,0.0
1973-08-10,0.0
1973-08-11,0.0
1973-08-12,22.33
1973-08-13,22.27
1973-08-14,24.19
1973-08-15,21.49
1973-08-16,17.14
1973-08-17,8.58
1973-08-18,8.58
1973-08-19,30.56
1973-08-20,10.22
1973-08-21,8.58
1973-08-22,11.33
1973-08-23,26.29
1973-08-24,16.15
1973-08-25,12.18
1973-08-26,14.62
1973-08-27,21.34
1973-08-28,0.0
1973-08-29,0.0
1973-08-30,12.18
1973-08-31,12.18
1973-09-01,34.32
1973-09-02,34.32
1973-09-03,34.32
1973-09-04,34.32
1973-09-05,34.32
1973-09-06,34.32
1973-09-07,34.32
1973-09-08,34.32
1973-09-09,0.0
1973-09-10,0.0
1973-09-11,34.32
1973-09-12,0.0
1973-09-13,0.0
1973-09-14,0.0
1973-09-15,0.0
1973-09-16,0.0
1973-09-17,0.0
1973-09-18,0.0
1973-09-19,0.0
1973-09-20,0.0
1973-09-21,0.0
1973-09-22,0.0
1973-09-23,0.0
1973-09-24,0.0
1973-09-25,34.32
1973-09-26,34.32
1973-09-27,34.32
1973-09-28,34.32
1973-09-29,34.32
1973-09-30,34.32
1973-10-01,52.7
1973-10-02,0.0
1973-10-03,0.0
1973-10-04,0.0
1973-10-05,0.0
1973-10-06,52.7
1973-10-07,52.7
1973-10-08,0.0
1973-10-09,0.0
1973-10-10,0.0
1973-10-11,0.0
1973-10-12,0.0
1973-10-13,0.0
1973-10-14,0.0
1973-10-15,0.0
1973-10-16,0.0
1973-10-17,0.0
1973-10-18,0.0
1973-10-19,0.0
1973-10-20,0.0
1973-10-21,0.0
1973-10-22,0.0
1973-10-23,0.0
1973-10-24,0.0
1973-10-25,0.0
1973-10-26,0.0
1973-10-27,0.0
1973-10-28,0.0
1973-10-29,0.0
1973-10-30,0.0
1973-10-31,0.0
1973-11-01,0.0
1973-11-02,0.0
1973-11-03,0.0
1973-11-04,0.0
1973-11-05,0.0
1973-11-06,0.0
1973-11-07,0.0
1973-11-08,0.0
1973-11-09,0.0
1973-11-10,0.0
1973-11-11,0.0
1973-11-12,0.0
1973-11-13,0.0
1973-11-14,0.0
1973-11-15,0.0
1973-11-16,0.0
1973-11-17,0.0
1973-11-18,0.0
1973-11-19,0.0
1973-11-20,0.0
1973-11-21,0.0
1973-11-22,0.0
1973-11-23,0.0
1973-11-24,0.0
1973-11-25,0.0
1973-11-26,0.0
1973-11-27,0.0
1973-11-28,0.0
1973-11-29,0.0
1973-11-30,0.0
1973-12-01,3.6
1973-12-02,3.6
1973-12-03,3.6
1973-12-04,3.6
1973-12-05,3.6
1973-12-06,3.6
1973-12-07,3.6
1973-12-08,3.6
1973-12-09,3.6
1973-12-10,3.6
1973-12-11,3.6
1973-12-12,3.6
1973-12-13,3.6
1973-12-14,3.6
1973-12-15,3.6
1973-12-16,3.6
1973-12-17,3.6
1973-12-18,3.6
1973-12-19,3.6
1973-12-20,3.6
1973-12-21,3.6
1973-12-22,3.6
1973-12-23,3.6
1973-12-24,3.6
1973-12-25,3.6
1973-12-26,3.6
1973-12-27,3.6
1973-12-28,3.6
1973-12-29,3.6
1973-12-30,3.6
1973-12-31,3.6
1974-01-01,1.31
1974-01-02,1.31
1974-01-03,1.31
1974-01-04,1.31
1974-01-05,1.31
1974-01-06,1.31
1974-01-07,1.31
1974-01-08,1.31
1974-01-09,1.31
1974-01-10,1.31
1974-01-11,1.31
1974-01-12,1.31
1974-01-13,1.31
1974-01-14,1.31
1974-01-15,1.31
1974-01-16,1.31
1974-01-17,1.31
1974-01-18,1.31
1974-01-19,1.31
1974-01-20,1.31
1974-01-21,1.31
1974-01-22,1.31
1974-01-23,1.31
1974-01-24,1.31
1974-01-25,1.31
1974-01-26,1.31
1974-01-27,1.31
1974-01-28,1.31
1974-01-29,1.31
1974-01-30,1.31
1974-01-31,1.31
1974-02-01,0.0
1974-02-02,0.0
1974-02-03,0.0
1974-02-04,0.0
1974-02-05,0.0
1974-02-06,0.0
1974-02-07,14.43
1974-02-08,0.0
1974-02-09,0.0
1974-02-10,0.0
1974-02-11,0.0
1974-02-12,0.0
1974-02-13,0.0
1974-02-14,0.0
1974-02-15,0.0
1974-02-16,0.0
1974-02-17,0.0
1974-02-18,14.43
1974-02-19,0.0
1974-02-20,0.0
1974-02-21,0.0
1974-02-22,0.0
1974-02-23,0.0
1974-02-24,0.0
1974-02-25,14.43
1974-02-26,0.0
1974-02-27,0.0
1974-02-28,0.0
1974-03-01,0.0
1974-03-02,0.0
1974-03-03,0.0
1974-03-04,0.0
1974-03-05,0.0
1974-03-06,4.08
1974-03-07,0.0
1974-03-08,0.0
1974-03-09,0.0
1974-03-10,2.93
1974-03-11,0.0
1974-03-12,4.5
1974-03-13,19.96
1974-03-14,19.39
1974-03-15,27.49
1974-03-16,28.34
1974-03-17,11.79
1974-03-18,13.13
1974-03-19,6.18
1974-03-20,24.36
1974-03-21,24.3
1974-03-22,24.02
1974-03-23,25.76
1974-03-24,17.05
1974-03-25,14.34
1974-03-26,0.0
1974-03-27,18.46
1974-03-28,9.32
1974-03-29,3.59
1974-03-30,5.27
1974-03-31,0.0
1974-04-01,0.0
1974-04-02,0.0
1974-04-03,0.0
1974-04-04,0.0
1974-04-05,0.0
1974-04-06,0.0
1974-04-07,8.79
1974-04-08,0.0
1974-04-09,0.0
1974-04-10,0.0
1974-04-11,0.0
1974-04-12,0.0
1974-04-13,6.47
1974-04-14,6.97
1974-04-15,0.0
1974-04-16,0.0
1974-04-17,11.66
1974-04-18,19.3
1974-04-19,24.0
1974-04-20,25.24
1974-04-21,0.0
1974-04-22,22.29
1974-04-23,39.05
1974-04-24,39.64
1974-04-25,43.58
1974-04-26,40.95
1974-04-27,27.19
1974-04-28,2.95
1974-04-29,4.83
1974-04-30,30.93
1974-05-01,13.77
1974-05-02,21.58
1974-05-03,17.84
1974-05-04,29.49
1974-05-05,38.22
1974-05-06,39.0
1974-05-07,29.34
1974-05-08,13.77
1974-05-09,23.61
1974-05-10,28.18
1974-05-11,56.98
1974-05-12,51.22
1974-05-13,47.44
1974-05-14,43.67
1974-05-15,45.62
1974-05-16,60.49
1974-05-17,40.4
1974-05-18,50.56
1974-05-19,36.57
1974-05-20,35.23
1974-05-21,10.74
1974-05-22,0.0
1974-05-23,0.0
1974-05-24,10.74
1974-05-25,13.77
1974-05-26,14.88
1974-05-27,8.28
1974-05-28,6.46
1974-05-29,0.0
1974-05-30,0.0
1974-05-31,0.0
1974-06-01,0.0
1974-06-02,0.0
1974-06-03,0.0
1974-06-04,0.0
1974-06-05,18.18
1974-06-06,16.41
1974-06-07,15.55
1974-06-08,12.66
1974-06-09,10.04
1974-06-10,0.0
1974-06-11,0.0
1974-06-12,5.17
1974-06-13,7.49
1974-06-14,10.78
1974-06-15,12.41
1974-06-16,14.42
1974-06-17,14.02
1974-06-18,16.87
1974-06-19,24.79
1974-06-20,41.9
1974-06-21,67.12
1974-06-22,56.56
1974-06-23,38.0
1974-06-24,29.17
1974-06-25,17.49
1974-06-26,16.41
1974-06-27,11.64
1974-06-28,11.91
1974-06-29,17.31
1974-06-30,8.91
1974-07-01,4.95
1974-07-02,33.28
1974-07-03,6.41
1974-07-04,12.57
1974-07-05,16.33
1974-07-06,42.76
1974-07-07,62.18
1974-07-08,64.63
1974-07-09,54.81
1974-07-10,76.31
1974-07-11,84.95
1974-07-12,61.65
1974-07-13,35.63
1974-07-14,57.2
1974-07-15,36.68
1974-07-16,6.41
1974-07-17,0.0
1974-07-18,0.0
1974-07-19,0.0
1974-07-20,0.0
1974-07-21,0.0
1974-07-22,0.0
1974-07-23,6.41
1974-07-24,0.0
1974-07-25,0.0
1974-07-26,10.86
1974-07-27,16.81
1974-07-28,26.69
1974-07-29,14.95
1974-07-30,16.33
1974-07-31,18.77
1974-08-01,21.34
1974-08-02,17.67
1974-08-03,17.14
1974-08-04,10.22
1974-08-05,11.33
1974-08-06,15.44
1974-08-07,12.18
1974-08-08,14.62
1974-08-09,19.29
1974-08-10,16.15
1974-08-11,0.0
1974-08-12,14.62
1974-08-13,12.18
1974-08-14,10.22
1974-08-15,0.0
1974-08-16,26.13
1974-08-17,16.15
1974-08-18,12.18
1974-08-19,0.0
1974-08-20,0.0
1974-08-21,0.0
1974-08-22,0.0
1974-08-23,0.0
1974-08-24,14.62
1974-08-25,16.85
1974-08-26,13.63
1974-08-27,0.0
1974-08-28,0.0
1974-08-29,40.29
1974-08-30,31.49
1974-08-31,31.78
1974-09-01,34.32
1974-09-02,0.0
1974-09-03,34.32
1974-09-04,0.0
1974-09-05,34.32
1974-09-06,34.32
1974-09-07,34.32
1974-09-08,34.32
1974-09-09,34.32
1974-09-10,34.32
1974-09-11,34.32
1974-09-12,0.0
1974-09-13,34.32
1974-09-14,0.0
1974-09-15,0.0
1974-09-16,0.0
1974-09-17,0.0
1974-09-18,0.0
1974-09-19,0.0
1974-09-20,34.32
1974-09-21,0.0
1974-09-22,0.0
1974-09-23,0.0
1974-09-24,0.0
1974-09-25,0.0
1974-09-26,0.0
1974-09-27,0.0
1974-09-28,34.32
1974-09-29,0.0
1974-09-30,0.0
1974-10-01,0.0
1974-10-02,52.7
1974-10-03,0.0
1974-10-04,0.0
1974-10-05,52.7
1974-10-06,52.7
1974-10-07,52.7
1974-10-08,52.7
1974-10-09,52.7
1974-10-10,0.0
1974-10-11,52.7
1974-10-12,52.7
1974-10-13,0.0
1974-10-14,52.7
1974-10-15,0.0
1974-10-16,0.0
1974-10-17,0.0
1974-10-18,0.0
1974-10-19,0.0
1974-10-20,0.0
1974-10-21,0.0
1974-10-22,0.0
1974-10-23,0.0
1974-10-24,0.0
1974-10-25,0.0
1974-10-26,0.0
1974-10-27,0.0
1974-10-28,0.0
1974-10-29,0.0
1974-10-30,0.0
1974-10-31,0.0
1974-11-01,0.0
1974-11-02,0.0
1974-11-03,0.0
1974-11-04,0.0
1974-11-05,0.0
1974-11-06,0.0
1974-11-07,0.0
1974-11-08,0.0
1974-11-09,0.0
1974-11-10,0.0
1974-11-11,0.0
1974-11-12,0.0
1974-11-13,0.0
1974-11-14,0.0
1974-11-15,0.0
1974-11-16,0.0
1974-11-17,0.0
1974-11-18,0.0
1974-11-19,0.0
1974-11-20,0.0
1974-11-21,0.0
1974-11-22,0.0
1974-11-23,0.0
1974-11-24,0.0
1974-11-25,0.0
1974-11-26,0.0
1974-11-27,0.0
1974-11-28,0.0
1974-11-29,0.0
1974-11-30,0.0
1974-12-01,3.6
1974-12-02,3.6
1974-12-03,3.6
1974-12-04,3.6
1974-12-05,3.6
1974-12-06,3.6
1974-12-07,3.6
1974-12-08,3.6
1974-12-09,3.6
1974-12-10,3.6
1974-12-11,3.6
1974-12-12,3.6
1974-12-13,3.6
1974-12-14,3.6
1974-12-15,3.6
1974-12-16,3.6
1974-12-17,3.6
1974-12-18,3.6
1974-12-19,3.6
1974-12-20,3.6
1974-12-21,3.6
1974-12-22,3.6
1974-12-23,3.6
1974-12-24,3.6
1974-12-25,3.6
1974-12-26,3.6
1974-12-27,3.6
1974-12-28,3.6
1974-12-29,3.6
1974-12-30,3.6
1974-12-31,3.6
1975-01-01,1.31
1975-01-02,1.31
1975-01-03,1.31
1975-01-04,1.31
1975-01-05,1.31
1975-01-06,1.31
1975-01-07,1.31
1975-01-08,1.31
1975-01-09,1.31
1975-01-10,1.31
1975-01-11,1.31
1975-01-12,1.31
1975-01-13,1.31
1975-01-14,1.31
1975-01-15,1.31
1975-01-16,1.31
1975-01-17,1.31
1975-01-18,1.31
1975-01-19,1.31
1975-01-20,1.31
1975-01-21,1.31
1975-01-22,1.31
1975-01-23,1.31
1975-01-24,1.31
1975-01-25,1.31
1975-01-26,1.31
1975-01-27,1.31
1975-01-28,1.31
1975-01-29,1.31
1975-01-30,1.31
1975-01-31,1.31
1975-02-01,0.0
1975-02-02,0.0
1975-02-03,0.0
1975-02-04,0.0
1975-02-05,0.0
1975-02-06,0.0
1975-02-07,0.0
1975-02-08,0.0
1975-02-09,0.0
1975-02-10,0.0
1975-02-11,0.0
1975-02-12,0.0
1975-02-13,14.43
1975-02-14,14.43
1975-02-15,14.43
1975-02-16,14.43
1975-02-17,0.0
1975-02-18,14.43
1975-02-19,0.0
1975-02-20,0.0
1975-02-21,0.0
1975-02-22,0.0
1975-02-23,0.0
1975-02-24,0.0
1975-02-25,14.43
1975-02-26,14.43
1975-02-27,14.43
1975-02-28,14.43
1975-03-01,2.93
1975-03-02,3.59
1975-03-03,0.0
1975-03-04,0.0
1975-03-05,0.0
1975-03-06,0.0
1975-03-07,0.0
1975-03-08,0.0
1975-03-09,0.0
1975-03-10,0.0
1975-03-11,7.46
1975-03-12,11.05
1975-03-13,0.0
1975-03-14,11.92
1975-03-15,12.91
1975-03-16,17.05
1975-03-17,19.25
1975-03-18,0.0
1975-03-19,10.82
1975-03-20,0.0
1975-03-21,0.0
1975-03-22,0.0
1975-03-23,0.0
1975-03-24,0.0
1975-03-25,0.0
1975-03-26,31.38
1975-03-27,50.06
1975-03-28,31.78
1975-03-29,6.73
1975-03-30,8.5
1975-03-31,10.22
1975-04-01,20.44
1975-04-02,16.88
1975-04-03,5.45
1975-04-04,0.0
1975-04-05,0.0
1975-04-06,39.91
1975-04-07,38.55
1975-04-08,38.37
1975-04-09,33.39
1975-04-10,18.78
1975-04-11,16.88
1975-04-12,0.0
1975-04-13,19.35
1975-04-14,14.16
1975-04-15,28.12
1975-04-16,16.74
1975-04-17,0.0
1975-04-18,14.82
1975-04-19,18.16
1975-04-20,36.24
1975-04-21,51.21
1975-04-22,15.13
1975-04-23,0.0
1975-04-24,8.1
1975-04-25,10.97
1975-04-26,20.54
1975-04-27,38.06
1975-04-28,43.58
1975-04-29,35.38
1975-04-30,24.38
1975-05-01,29.49
1975-05-02,52.03
1975-05-03,64.45
1975-05-04,46.2
1975-05-05,47.58
1975-05-06,54.34
1975-05-07,39.94
1975-05-08,16.8
1975-05-09,8.28
1975-05-10,20.42
1975-05-11,19.12
1975-05-12,27.93
1975-05-13,19.61
1975-05-14,49.36
1975-05-15,38.86
1975-05-16,27.3
1975-05-17,26.18
1975-05-18,16.8
1975-05-19,0.0
1975-05-20,0.0
1975-05-21,0.0
1975-05-22,0.0
1975-05-23,0.0
1975-05-24,6.46
1975-05-25,11.6
1975-05-26,9.72
1975-05-27,12.81
1975-05-28,25.25
1975-05-29,46.69
1975-05-30,47.58
1975-05-31,36.13
1975-06-01,64.84
1975-06-02,48.39
1975-06-03,25.6
1975-06-04,11.64
1975-06-05,0.0
1975-06-06,6.75
1975-06-07,9.69
1975-06-08,17.17
1975-06-09,23.91
1975-06-10,8.01
1975-06-11,6.75
1975-06-12,5.17
1975-06-13,0.0
1975-06-14,0.0
1975-06-15,5.17
1975-06-16,0.0
1975-06-17,0.0
1975-06-18,15.72
1975-06-19,40.91
1975-06-20,42.79
1975-06-21,38.17
1975-06-22,46.7
1975-06-23,35.22
1975-06-24,11.36
1975-06-25,6.75
1975-06-26,0.0
1975-06-27,6.04
1975-06-28,12.17
1975-06-29,23.39
1975-06-30,21.09
1975-07-01,11.33
1975-07-02,5.76
1975-07-03,8.84
1975-07-04,11.77
1975-07-05,16.33
1975-07-06,14.66
1975-07-07,16.33
1975-07-08,11.77
1975-07-09,11.77
1975-07-10,14.05
1975-07-11,14.05
1975-07-12,21.29
1975-07-13,24.81
1975-07-14,28.46
1975-07-15,24.45
1975-07-16,10.86
1975-07-17,4.95
1975-07-18,6.41
1975-07-19,9.79
1975-07-20,7.45
1975-07-21,4.95
1975-07-22,0.0
1975-07-23,0.0
1975-07-24,8.29
1975-07-25,12.57
1975-07-26,10.86
1975-07-27,10.86
1975-07-28,12.57
1975-07-29,12.57
1975-07-30,18.17
1975-07-31,14.05
1975-08-01,15.44
1975-08-02,14.62
1975-08-03,15.44
1975-08-04,26.91
1975-08-05,35.5
1975-08-06,33.44
1975-08-07,32.91
1975-08-08,38.7
1975-08-09,36.12
1975-08-10,28.43
1975-08-11,15.05
1975-08-12,17.41
1975-08-13,18.88
1975-08-14,12.18
1975-08-15,0.0
1975-08-16,0.0
1975-08-17,0.0
1975-08-18,0.0
1975-08-19,0.0
1975-08-20,0.0
1975-08-21,0.0
1975-08-22,0.0
1975-08-23,0.0
1975-08-24,0.0
1975-08-25,11.33
1975-08-26,15.05
1975-08-27,0.0
1975-08-28,0.0
1975-08-29,0.0
1975-08-30,0.0
1975-08-31,26.21
1975-09-01,34.32
1975-09-02,34.32
1975-09-03,34.32
1975-09-04,34.32
1975-09-05,34.32
1975-09-06,34.32
1975-09-07,0.0
1975-09-08,34.32
1975-09-09,34.32
1975-09-10,0.0
1975-09-11,0.0
1975-09-12,0.0
1975-09-13,0.0
1975-09-14,34.32
1975-09-15,0.0
1975-09-16,0.0
1975-09-17,34.32
1975-09-18,0.0
1975-09-19,0.0
1975-09-20,34.32
1975-09-21,0.0
1975-09-22,0.0
1975-09-23,34.32
1975-09-24,34.32
1975-09-25,0.0
1975-09-26,0.0
1975-09-27,0.0
1975-09-28,0.0
1975-09-29,34.32
1975-09-30,34.32
1975-10-01,52.7
1975-10-02,52.7
1975-10-03,52.7
1975-10-04,0.0
1975-10-05,0.0
1975-10-06,0.0
1975-10-07,0.0
1975-10-08,0.0
1975-10-09,0.0
1975-10-10,0.0
1975-10-11,0.0
1975-10-12,0.0
1975-10-13,0.0
1975-10-14,0.0
1975-10-15,0.0
1975-10-16,0.0
1975-10-17,0.0
1975-10-18,0.0
1975-10-19,0.0
1975-10-20,0.0
1975-10-21,0.0
1975-10-22,0.0
1975-10-23,0.0
1975-10-24,0.0
1975-10-25,0.0
1975-10-26,0.0
1975-10-27,0.0
1975-10-28,0.0
1975-10-29,0.0
1975-10-30,0.0
1975-10-31,0.0
1975-11-01,0.0
1975-11-02,0.0
1975-11-03,0.0
1975-11-04,0.0
1975-11-05,0.0
1975-11-06,0.0
1975-11-07,0.0
1975-11-08,0.0
1975-11-09,0.0
1975-11-10,0.0
1975-11-11,0.0
1975-11-12,0.0
1975-11-13,0.0
1975-11-14,0.0
1975-11-15,0.0
1975-11-16,0.0
1975-11-17,0.0
1975-11-18,0.0
1975-11-19,0.0
1975-11-20,0.0
1975-11-21,0.0
1975-11-22,0.0
1975-11-23,0.0
1975-11-24,0.0
1975-11-25,0.0
1975-11-26,0.0
1975-11-27,0.0
1975-11-28,0.0
1975-11-29,0.0
1975-11-30,0.0
1975-12-01,3.6
1975-12-02,3.6
1975-12-03,3.6
1975-12-04,3.6
1975-12-05,3.6
1975-12-06,3.6
1975-12-07,3.6
1975-12-08,3.6
1975-12-09,3.6
1975-12-10,3.6
1975-12-11,3.6
1975-12-12,3.6
1975-12-13,3.6
1975-12-14,3.6
1975-12-15,3.6
1975-12-16,3.6
1975-12-17,3.6
1975-12-18,3.6
1975-12-19,3.6
1975-12-20,3.6
1975-12-21,3.6
1975-12-22,3.6
1975-12-23,3.6
1975-12-24,3.6
1975-12-25,3.6
1975-12-26,3.6
1975-12-27,3.6
1975-12-28,3.6
1975-12-29,3.6
1975-12-30,3.6
1975-12-31,3.6
1976-01-01,1.31
1976-01-02,1.31
1976-01-03,1.31
1976-01-04,1.31
1976-01-05,1.31
1976-01-06,1.31
1976-01-07,1.31
1976-01-08,1.31
1976-01-09,1.31
1976-01-10,1.31
1976-01-11,1.31
1976-01-12,1.31
1976-01-13,1.31
1976-01-14,1.31
1976-01-15,1.31
1976-01-16,1.31
1976-01-17,1.31
1976-01-18,1.31
1976-01-19,1.31
1976-01-20,1.31
1976-01-21,1.31
1976-01-22,1.31
1976-01-23,1.31
1976-01-24,1.31
1976-01-25,1.31
1976-01-26,1.31
1976-01-27,1.31
1976-01-28,1.31
1976-01-29,1.31
1976-01-30,1.31
1976-01-31,1.31
1976-02-01,0.0
1976-02-02,0.0
1976-02-03,0.0
1976-02-04,0.0
1976-02-05,0.0
1976-02-06,0.0
1976-02-07,0.0
1976-02-08,0.0
1976-02-09,0.0
1976-02-10,14.43
1976-02-11,14.43
1976-02-12,0.0
1976-02-13,14.43
1976-02-14,14.43
1976-02-15,14.43
1976-02-16,0.0
1976-02-17,0.0
1976-02-18,0.0
1976-02-19,0.0
1976-02-20,0.0
1976-02-21,0.0
1976-02-22,0.0
1976-02-23,14.43
1976-02-24,14.43
1976-02-25,0.0
1976-02-26,14.43
1976-02-27,14.43
1976-02-28,14.43
1976-02-29,14.43
1976-03-01,13.31
1976-03-02,0.0
1976-03-03,0.0
1976-03-04,8.09
1976-03-05,6.73
1976-03-06,5.89
1976-03-07,6.18
1976-03-08,4.5
1976-03-09,0.0
1976-03-10,0.0
1976-03-11,4.08
1976-03-12,3.59
1976-03-13,2.93
1976-03-14,1.56
1976-03-15,6.18
1976-03-16,5.59
1976-03-17,4.08
1976-03-18,4.88
1976-03-19,9.41
1976-03-20,3.84
1976-03-21,14.34
1976-03-22,35.79
1976-03-23,14.02
1976-03-24,8.87
1976-03-25,23.91
1976-03-26,18.38
1976-03-27,28.31
1976-03-28,22.07
1976-03-29,22.44
1976-03-30,24.19
1976-03-31,8.87
1976-04-01,8.79
1976-04-02,7.37
1976-04-03,26.75
1976-04-04,48.97
1976-04-05,29.14
1976-04-06,14.16
1976-04-07,7.37
1976-04-08,16.04
1976-04-09,18.41
1976-04-10,0.0
1976-04-11,15.13
1976-04-12,29.8
1976-04-13,12.28
1976-04-14,17.41
1976-04-15,23.17
1976-04-16,46.77
1976-04-17,27.62
1976-04-18,6.97
1976-04-19,6.47
1976-04-20,0.0
1976-04-21,26.14
1976-04-22,5.45
1976-04-23,5.45
1976-04-24,38.55
1976-04-25,19.57
1976-04-26,38.64
1976-04-27,15.45
1976-04-28,0.0
1976-04-29,6.47
1976-04-30,13.45
1976-05-01,36.57
1976-05-02,0.0
1976-05-03,0.0
1976-05-04,11.6
1976-05-05,24.28
1976-05-06,27.3
1976-05-07,33.68
1976-05-08,30.86
1976-05-09,33.8
1976-05-10,34.54
1976-05-11,30.57
1976-05-12,18.79
1976-05-13,11.6
1976-05-14,34.36
1976-05-15,19.93
1976-05-16,44.29
1976-05-17,27.84
1976-05-18,0.0
1976-05-19,0.0
1976-05-20,0.0
1976-05-21,0.0
1976-05-22,0.0
1976-05-23,0.0
1976-05-24,0.0
1976-05-25,0.0
1976-05-26,0.0
1976-05-27,10.74
1976-05-28,46.48
1976-05-29,10.74
1976-05-30,47.91
1976-05-31,31.99
1976-06-01,36.34
1976-06-02,28.23
1976-06-03,19.85
1976-06-04,0.0
1976-06-05,8.91
1976-06-06,48.62
1976-06-07,45.74
1976-06-08,61.89
1976-06-09,51.56
1976-06-10,41.76
1976-06-11,6.75
1976-06-12,14.42
1976-06-13,38.91
1976-06-14,81.63
1976-06-15,72.68
1976-06-16,63.78
1976-06-17,40.49
1976-06-18,52.98
1976-06-19,15.2
1976-06-20,0.0
1976-06-21,0.0
1976-06-22,0.0
1976-06-23,9.69
1976-06-24,10.78
1976-06-25,17.77
1976-06-26,25.6
1976-06-27,18.73
1976-06-28,19.97
1976-06-29,19.47
1976-06-30,14.22
1976-07-01,8.29
1976-07-02,8.29
1976-07-03,15.23
1976-07-04,19.39
1976-07-05,35.36
1976-07-06,37.83
1976-07-07,39.47
1976-07-08,22.66
1976-07-09,30.77
1976-07-10,34.31
1976-07-11,45.71
1976-07-12,60.36
1976-07-13,65.79
1976-07-14,51.59
1976-07-15,18.58
1976-07-16,14.95
1976-07-17,17.27
1976-07-18,16.33
1976-07-19,18.17
1976-07-20,22.38
1976-07-21,25.55
1976-07-22,38.31
1976-07-23,30.32
1976-07-24,12.18
1976-07-25,7.45
1976-07-26,6.41
1976-07-27,4.95
1976-07-28,0.0
1976-07-29,0.0
1976-07-30,0.0
1976-07-31,6.41
1976-08-01,0.0
1976-08-02,0.0
1976-08-03,0.0
1976-08-04,0.0
1976-08-05,0.0
1976-08-06,0.0
1976-08-07,0.0
1976-08-08,0.0
1976-08-09,0.0
1976-08-10,0.0
1976-08-11,0.0
1976-08-12,0.0
1976-08-13,0.0
1976-08-14,0.0
1976-08-15,10.22
1976-08-16,13.63
1976-08-17,18.88
1976-08-18,18.39
1976-08-19,19.29
1976-08-20,16.85
1976-08-21,10.22
1976-08-22,26.84
1976-08-23,27.77
1976-08-24,0.0
1976-08-25,18.16
1976-08-26,25.78
1976-08-27,0.0
1976-08-28,0.0
1976-08-29,0.0
1976-08-30,20.74
1976-08-31,10.22
1976-09-01,0.0
1976-09-02,0.0
1976-09-03,0.0
1976-09-04,0.0
1976-09-05,0.0
1976-09-06,0.0
1976-09-07,34.32
1976-09-08,34.32
1976-09-09,34.32
1976-09-10,34.32
1976-09-11,34.32
1976-09-12,0.0
1976-09-13,0.0
1976-09-14,0.0
1976-09-15,0.0
1976-09-16,0.0
1976-09-17,0.0
1976-09-18,34.32
1976-09-19,34.32
1976-09-20,34.32
1976-09-21,34.32
1976-09-22,0.0
1976-09-23,0.0
1976-09-24,34.32
1976-09-25,34.32
1976-09-26,0.0
1976-09-27,0.0
1976-09-28,34.32
1976-09-29,34.32
1976-09-30,0.0
1976-10-01,0.0
1976-10-02,0.0
1976-10-03,0.0
1976-10-04,0.0
1976-10-05,52.7
1976-10-06,0.0
1976-10-07,0.0
1976-10-08,0.0
1976-10-09,0.0
1976-10-10,0.0
1976-10-11,0.0
1976-10-12,0.0
1976-10-13,0.0
1976-10-14,0.0
1976-10-15,0.0
1976-10-16,0.0
1976-10-17,0.0
1976-10-18,0.0
1976-10-19,0.0
1976-10-20,0.0
1976-10-21,0.0
1976-10-22,0.0
1976-10-23,0.0
1976-10-24,0.0
1976-10-25,0.0
1976-10-26,0.0
1976-10-27,0.0
1976-10-28,0.0
1976-10-29,0.0
1976-10-30,0.0
1976-10-31,52.7
1976-11-01,56.16
1976-11-02,0.0
1976-11-03,0.0
1976-11-04,0.0
1976-11-05,0.0
1976-11-06,0.0
1976-11-07,0.0
1976-11-08,0.0
1976-11-09,0.0
1976-11-10,0.0
1976-11-11,0.0
1976-11-12,0.0
1976-11-13,0.0
1976-11-14,0.0
1976-11-15,0.0
1976-11-16,0.0
1976-11-17,0.0
1976-11-18,0.0
1976-11-19,0.0
1976-11-20,0.0
1976-11-21,0.0
1976-11-22,0.0
1976-11-23,0.0
1976-11-24,0.0
1976-11-25,0.0
1976-11-26,0.0
1976-11-27,0.0
1976-11-28,0.0
1976-11-29,0.0
1976-11-30,0.0
1976-12-01,3.6
1976-12-02,3.6
1976-12-03,3.6
1976-12-04,3.6
1976-12-05,3.6
1976-12-06,3.6
1976-12-07,3.6
1976-12-08,3.6
1976-12-09,3.6
1976-12-10,3.6
1976-12-11,3.6
1976-12-12,3.6
1976-12-13,3.6
1976-12-14,3.6
1976-12-15,3.6
1976-12-16,3.6
1976-12-17,3.6
1976-12-18,3.6
1976-12-19,3.6
1976-12-20,3.6
1976-12-21,3.6
1976-12-22,3.6
1976-12-23,3.6
1976-12-24,3.6
1976-12-25,3.6
1976-12-26,3.6
1976-12-27,3.6
1976-12-28,3.6
1976-12-29,3.6
1976-12-30,3.6
1976-12-31,3.6
1977-01-01,1.31
1977-01-02,1.31
1977-01-03,1.31
1977-01-04,1.31
1977-01-05,1.31
1977-01-06,1.31
1977-01-07,1.31
1977-01-08,1.31
1977-01-09,1.31
1977-01-10,1.31
1977-01-11,1.31
1977-01-12,1.31
1977-01-13,1.31
1977-01-14,1.31
1977-01-15,1.31
1977-01-16,1.31
1977-01-17,1.31
1977-01-18,1.31
1977-01-19,1.31
1977-01-20,1.31
1977-01-21,1.31
1977-01-22,1.31
1977-01-23,1.31
1977-01-24,1.31
1977-01-25,1.31
1977-01-26,1.31
1977-01-27,1.31
1977-01-28,1.31
1977-01-29,1.31
1977-01-30,1.31
1977-01-31,1.31
1977-02-01,0.0
1977-02-02,0.0
1977-02-03,0.0
1977-02-04,0.0
1977-02-05,0.0
1977-02-06,0.0
1977-02-07,14.43
1977-02-08,14.43
1977-02-09,0.0
1977-02-10,0.0
1977-02-11,0.0
1977-02-12,0.0
1977-02-13,0.0
1977-02-14,0.0
1977-02-15,0.0
1977-02-16,0.0
1977-02-17,14.43
1977-02-18,14.43
1977-02-19,0.0
1977-02-20,0.0
1977-02-21,0.0
1977-02-22,0.0
1977-02-23,0.0
1977-02-24,0.0
1977-02-25,0.0
1977-02-26,0.0
1977-02-27,0.0
1977-02-28,0.0
1977-03-01,0.0
1977-03-02,0.0
1977-03-03,0.0
1977-03-04,0.0
1977-03-05,0.0
1977-03-06,0.0
1977-03-07,0.0
1977-03-08,0.0
1977-03-09,0.0
1977-03-10,0.0
1977-03-11,0.0
1977-03-12,0.0
1977-03-13,0.0
1977-03-14,8.5
1977-03-15,16.31
1977-03-16,10.07
1977-03-17,12.18
1977-03-18,12.91
1977-03-19,13.13
1977-03-20,0.0
1977-03-21,16.27
1977-03-22,7.68
1977-03-23,0.0
1977-03-24,0.0
1977-03-25,0.0
1977-03-26,8.87
1977-03-27,0.0
1977-03-28,0.0
1977-03-29,0.0
1977-03-30,0.0
1977-03-31,0.0
1977-04-01,0.0
1977-04-02,15.28
1977-04-03,5.45
1977-04-04,29.41
1977-04-05,31.06
1977-04-06,33.39
1977-04-07,23.87
1977-04-08,0.0
1977-04-09,0.0
1977-04-10,0.0
1977-04-11,0.0
1977-04-12,0.0
1977-04-13,0.0
1977-04-14,0.0
1977-04-15,0.0
1977-04-16,0.0
1977-04-17,0.0
1977-04-18,0.0
1977-04-19,0.0
1977-04-20,3.98
1977-04-21,7.37
1977-04-22,9.38
1977-04-23,3.98
1977-04-24,3.98
1977-04-25,0.0
1977-04-26,3.98
1977-04-27,0.0
1977-04-28,0.0
1977-04-29,14.16
1977-04-30,14.82
1977-05-01,32.8
1977-05-02,10.74
1977-05-03,0.0
1977-05-04,0.0
1977-05-05,0.0
1977-05-06,28.69
1977-05-07,0.0
1977-05-08,0.0
1977-05-09,0.0
1977-05-10,0.0
1977-05-11,0.0
1977-05-12,0.0
1977-05-13,0.0
1977-05-14,0.0
1977-05-15,0.0
1977-05-16,13.77
1977-05-17,22.64
1977-05-18,35.92
1977-05-19,0.0
1977-05-20,0.0
1977-05-21,0.0
1977-05-22,0.0
1977-05-23,0.0
1977-05-24,0.0
1977-05-25,0.0
1977-05-26,0.0
1977-05-27,0.0
1977-05-28,0.0
1977-05-29,13.14
1977-05-30,0.0
1977-05-31,21.71
1977-06-01,10.78
1977-06-02,14.84
1977-06-03,21.3
1977-06-04,22.32
1977-06-05,25.27
1977-06-06,26.37
1977-06-07,27.11
1977-06-08,34.83
1977-06-09,48.39
1977-06-10,72.98
1977-06-11,78.38
1977-06-12,50.93
1977-06-13,27.68
1977-06-14,19.11
1977-06-15,25.6
1977-06-16,28.37
1977-06-17,20.31
1977-06-18,26.52
1977-06-19,27.68
1977-06-20,13.61
1977-06-21,15.89
1977-06-22,20.77
1977-06-23,10.38
1977-06-24,12.66
1977-06-25,13.61
1977-06-26,6.75
1977-06-27,0.0
1977-06-28,15.2
1977-06-29,30.17
1977-06-30,19.85
1977-07-01,0.0
1977-07-02,0.0
1977-07-03,0.0
1977-07-04,0.0
1977-07-05,31.45
1977-07-06,18.96
1977-07-07,18.17
1977-07-08,18.58
1977-07-09,17.97
1977-07-10,30.85
1977-07-11,43.35
1977-07-12,30.49
1977-07-13,20.44
1977-07-14,21.75
1977-07-15,18.96
1977-07-16,10.86
1977-07-17,8.29
1977-07-18,11.77
1977-07-19,23.78
1977-07-20,23.78
1977-07-21,22.94
1977-07-22,6.41
1977-07-23,8.29
1977-07-24,4.95
1977-07-25,0.0
1977-07-26,0.0
1977-07-27,0.0
1977-07-28,25.17
1977-07-29,13.72
1977-07-30,9.18
1977-07-31,0.0
1977-08-01,12.18
1977-08-02,17.41
1977-08-03,20.74
1977-08-04,25.78
1977-08-05,27.63
1977-08-06,29.75
1977-08-07,29.4
1977-08-08,23.53
1977-08-09,13.63
1977-08-10,0.0
1977-08-11,0.0
1977-08-12,0.0
1977-08-13,0.0
1977-08-14,0.0
1977-08-15,0.0
1977-08-16,25.44
1977-08-17,0.0
1977-08-18,0.0
1977-08-19,11.33
1977-08-20,0.0
1977-08-21,25.53
1977-08-22,0.0
1977-08-23,0.0
1977-08-24,24.7
1977-08-25,24.19
1977-08-26,19.29
1977-08-27,0.0
1977-08-28,0.0
1977-08-29,0.0
1977-08-30,0.0
1977-08-31,0.0
1977-09-01,0.0
1977-09-02,34.32
1977-09-03,34.32
1977-09-04,34.32
1977-09-05,34.32
1977-09-06,34.32
1977-09-07,34.32
1977-09-08,34.32
1977-09-09,34.32
1977-09-10,34.32
1977-09-11,34.32
1977-09-12,34.32
1977-09-13,34.32
1977-09-14,34.32
1977-09-15,34.32
1977-09-16,34.32
1977-09-17,34.32
1977-09-18,0.0
1977-09-19,34.32
1977-09-20,0.0
1977-09-21,34.32
1977-09-22,34.32
1977-09-23,34.32
1977-09-24,0.0
1977-09-25,0.0
1977-09-26,0.0
1977-09-27,0.0
1977-09-28,0.0
1977-09-29,34.32
1977-09-30,34.32
1977-10-01,0.0
1977-10-02,0.0
1977-10-03,0.0
1977-10-04,0.0
1977-10-05,0.0
1977-10-06,0.0
1977-10-07,0.0
1977-10-08,0.0
1977-10-09,0.0
1977-10-10,0.0
1977-10-11,0.0
1977-10-12,0.0
1977-10-13,0.0
1977-10-14,0.0
1977-10-15,0.0
1977-10-16,0.0
1977-10-17,52.7
1977-10-18,0.0
1977-10-19,0.0
1977-10-20,0.0
1977-10-21,0.0
1977-10-22,0.0
1977-10-23,0.0
1977-10-24,0.0
1977-10-25,0.0
1977-10-26,0.0
1977-10-27,0.0
1977-10-28,0.0
1977-10-29,0.0
1977-10-30,0.0
1977-10-31,0.0
1977-11-01,0.0
1977-11-02,0.0
1977-11-03,0.0
1977-11-04,0.0
1977-11-05,0.0
1977-11-06,0.0
1977-11-07,0.0
1977-11-08,0.0
1977-11-09,0.0
1977-11-10,0.0
1977-11-11,0.0
1977-11-12,0.0
1977-11-13,0.0
1977-11-14,0.0
1977-11-15,0.0
1977-11-16,0.0
1977-11-17,0.0
1977-11-18,0.0
1977-11-19,0.0
1977-11-20,0.0
1977-11-21,0.0
1977-11-22,0.0
1977-11-23,0.0
1977-11-24,0.0
1977-11-25,0.0
1977-11-26,56.16
1977-11-27,56.16
1977-11-28,0.0
1977-11-29,56.16
1977-11-30,56.16
1977-12-01,3.6
1977-12-02,3.6
1977-12-03,3.6
1977-12-04,3.6
1977-12-05,3.6
1977-12-06,3.6
1977-12-07,3.6
1977-12-08,3.6
1977-12-09,3.6
1977-12-10,3.6
1977-12-11,3.6
1977-12-12,3.6
1977-12-13,3.6
1977-12-14,3.6
1977-12-15,3.6
1977-12-16,3.6
1977-12-17,3.6
1977-12-18,3.6
1977-12-19,3.6
1977-12-20,3.6
1977-12-21,3.6
1977-12-22,3.6
1977-12-23,3.6
1977-12-24,3.6
1977-12-25,3.6
1977-12-26,3.6
1977-12-27,3.6
1977-12-28,3.6
1977-12-29,3.6
1977-12-30,3.6
1977-12-31,3.6
1978-01-01,1.31
1978-01-02,1.31
1978-01-03,1.31
1978-01-04,1.31
1978-01-05,1.31
1978-01-06,1.31
1978-01-07,1.31
1978-01-08,1.31
1978-01-09,1.31
1978-01-10,1.31
1978-01-11,1.31
1978-01-12,1.31
1978-01-13,1.31
1978-01-14,1.31
1978-01-15,1.31
1978-01-16,1.31
1978-01-17,1.31
1978-01-18,1.31
1978-01-19,1.31
1978-01-20,1.31
1978-01-21,1.31
1978-01-22,1.31
1978-01-23,1.31
1978-01-24,1.31
1978-01-25,1.31
1978-01-26,1.31
1978-01-27,1.31
1978-01-28,1.31
1978-01-29,1.31
1978-01-30,1.31
1978-01-31,1.31
1978-02-01,0.0
1978-02-02,0.0
1978-02-03,0.0
1978-02-04,0.0
1978-02-05,0.0
1978-02-06,0.0
1978-02-07,0.0
1978-02-08,0.0
1978-02-09,0.0
1978-02-10,0.0
1978-02-11,0.0
1978-02-12,0.0
1978-02-13,0.0
1978-02-14,0.0
1978-02-15,0.0
1978-02-16,0.0
1978-02-17,0.0
1978-02-18,0.0
1978-02-19,0.0
1978-02-20,0.0
1978-02-21,14.43
1978-02-22,14.43
1978-02-23,14.43
1978-02-24,0.0
1978-02-25,0.0
1978-02-26,0.0
1978-02-27,0.0
1978-02-28,0.0
1978-03-01,0.0
1978-03-02,0.0
1978-03-03,0.0
1978-03-04,0.0
1978-03-05,0.0
1978-03-06,0.0
1978-03-07,0.0
1978-03-08,0.0
1978-03-09,0.0
1978-03-10,0.0
1978-03-11,0.0
1978-03-12,0.0
1978-03-13,0.0
1978-03-14,0.0
1978-03-15,5.89
1978-03-16,10.22
1978-03-17,4.08
1978-03-18,0.0
1978-03-19,0.0
1978-03-20,0.0
1978-03-21,0.0
1978-03-22,0.0
1978-03-23,0.0
1978-03-24,0.0
1978-03-25,0.0
1978-03-26,0.0
1978-03-27,0.0
1978-03-28,0.0
1978-03-29,0.0
1978-03-30,0.0
1978-03-31,0.0
1978-04-01,12.48
1978-04-02,5.45
1978-04-03,19.12
1978-04-04,18.65
1978-04-05,15.13
1978-04-06,10.97
1978-04-07,7.37
1978-04-08,0.0
1978-04-09,0.0
1978-04-10,0.0
1978-04-11,0.0
1978-04-12,0.0
1978-04-13,0.0
1978-04-14,5.45
1978-04-15,24.04
1978-04-16,13.45
1978-04-17,7.37
1978-04-18,14.82
1978-04-19,14.48
1978-04-20,0.0
1978-04-21,0.0
1978-04-22,5.45
1978-04-23,8.1
1978-04-24,0.0
1978-04-25,0.0
1978-04-26,10.46
1978-04-27,0.0
1978-04-28,5.45
1978-04-29,0.0
1978-04-30,10.46
1978-05-01,32.52
1978-05-02,24.06
1978-05-03,8.28
1978-05-04,12.37
1978-05-05,13.77
1978-05-06,8.28
1978-05-07,0.0
1978-05-08,0.0
1978-05-09,0.0
1978-05-10,0.0
1978-05-11,0.0
1978-05-12,21.58
1978-05-13,66.83
1978-05-14,71.74
1978-05-15,56.98
1978-05-16,55.59
1978-05-17,49.71
1978-05-18,66.5
1978-05-19,39.38
1978-05-20,39.48
1978-05-21,40.04
1978-05-22,0.0
1978-05-23,0.0
1978-05-24,0.0
1978-05-25,13.14
1978-05-26,6.46
1978-05-27,0.0
1978-05-28,0.0
1978-05-29,0.0
1978-05-30,0.0
1978-05-31,0.0
1978-06-01,3.96
1978-06-02,5.17
1978-06-03,7.49
1978-06-04,7.49
1978-06-05,10.78
1978-06-06,9.32
1978-06-07,25.27
1978-06-08,10.04
1978-06-09,20.19
1978-06-10,19.59
1978-06-11,49.07
1978-06-12,53.42
1978-06-13,66.98
1978-06-14,58.08
1978-06-15,40.6
1978-06-16,26.3
1978-06-17,17.31
1978-06-18,24.27
1978-06-19,21.2
1978-06-20,32.79
1978-06-21,86.89
1978-06-22,79.59
1978-06-23,89.88
1978-06-24,74.65
1978-06-25,65.24
1978-06-26,53.28
1978-06-27,63.23
1978-06-28,60.26
1978-06-29,38.21
1978-06-30,24.52
1978-07-01,30.85
1978-07-02,32.49
1978-07-03,35.84
1978-07-04,37.13
1978-07-05,69.92
1978-07-06,77.85
1978-07-07,14.05
1978-07-08,0.0
1978-07-09,8.29
1978-07-10,15.23
1978-07-11,13.39
1978-07-12,12.57
1978-07-13,10.35
1978-07-14,7.45
1978-07-15,4.95
1978-07-16,0.0
1978-07-17,8.29
1978-07-18,16.33
1978-07-19,18.58
1978-07-20,19.39
1978-07-21,17.27
1978-07-22,14.95
1978-07-23,16.08
1978-07-24,19.39
1978-07-25,19.92
1978-07-26,19.39
1978-07-27,25.78
1978-07-28,31.53
1978-07-29,35.4
1978-07-30,26.69
1978-07-31,35.71
1978-08-01,35.3
1978-08-02,40.83
1978-08-03,40.96
1978-08-04,48.68
1978-08-05,31.87
1978-08-06,0.0
1978-08-07,10.22
1978-08-08,0.0
1978-08-09,0.0
1978-08-10,0.0
1978-08-11,0.0
1978-08-12,0.0
1978-08-13,10.22
1978-08-14,14.62
1978-08-15,0.0
1978-08-16,14.62
1978-08-17,16.15
1978-08-18,17.92
1978-08-19,22.2
1978-08-20,23.64
1978-08-21,20.03
1978-08-22,14.15
1978-08-23,13.63
1978-08-24,10.22
1978-08-25,0.0
1978-08-26,8.58
1978-08-27,16.85
1978-08-28,20.74
1978-08-29,12.18
1978-08-30,33.24
1978-08-31,27.9
1978-09-01,0.0
1978-09-02,34.32
1978-09-03,34.32
1978-09-04,34.32
1978-09-05,34.32
1978-09-06,34.32
1978-09-07,34.32
1978-09-08,0.0
1978-09-09,0.0
1978-09-10,34.32
1978-09-11,34.32
1978-09-12,0.0
1978-09-13,0.0
1978-09-14,0.0
1978-09-15,34.32
1978-09-16,34.32
1978-09-17,34.32
1978-09-18,0.0
1978-09-19,0.0
1978-09-20,0.0
1978-09-21,34.32
1978-09-22,0.0
1978-09-23,34.32
1978-09-24,34.32
1978-09-25,34.32
1978-09-26,34.32
1978-09-27,0.0
1978-09-28,0.0
1978-09-29,0.0
1978-09-30,0.0
1978-10-01,0.0
1978-10-02,0.0
1978-10-03,0.0
1978-10-04,0.0
1978-10-05,0.0
1978-10-06,0.0
1978-10-07,0.0
1978-10-08,0.0
1978-10-09,0.0
1978-10-10,0.0
1978-10-11,52.7
1978-10-12,52.7
1978-10-13,0.0
1978-10-14,0.0
1978-10-15,0.0
1978-10-16,0.0
1978-10-17,0.0
1978-10-18,0.0
1978-10-19,0.0
1978-10-20,0.0
1978-10-21,0.0
1978-10-22,0.0
1978-10-23,0.0
1978-10-24,0.0
1978-10-25,0.0
1978-10-26,0.0
1978-10-27,0.0
1978-10-28,0.0
1978-10-29,0.0
1978-10-30,0.0
1978-10-31,0.0
1978-11-01,0.0
1978-11-02,0.0
1978-11-03,0.0
1978-11-04,0.0
1978-11-05,0.0
1978-11-06,0.0
1978-11-07,56.16
1978-11-08,56.16
1978-11-09,56.16
1978-11-10,0.0
1978-11-11,0.0
1978-11-12,0.0
1978-11-13,56.16
1978-11-14,56.16
1978-11-15,56.16
1978-11-16,0.0
1978-11-17,0.0
1978-11-18,0.0
1978-11-19,0.0
1978-11-20,0.0
1978-11-21,0.0
1978-11-22,0.0
1978-11-23,0.0
1978-11-24,0.0
1978-11-25,0.0
1978-11-26,0.0
1978-11-27,0.0
1978-11-28,0.0
1978-11-29,0.0
1978-11-30,0.0
1978-12-01,3.6
1978-12-02,3.6
1978-12-03,3.6
1978-12-04,3.6
1978-12-05,3.6
1978-12-06,3.6
1978-12-07,3.6
1978-12-08,3.6
1978-12-09,3.6
1978-12-10,3.6
1978-12-11,3.6
1978-12-12,3.6
1978-12-13,3.6
1978-12-14,3.6
1978-12-15,3.6
1978-12-16,3.6
1978-12-17,3.6
1978-12-18,3.6
1978-12-19,3.6
1978-12-20,3.6
1978-12-21,3.6
1978-12-22,3.6
1978-12-23,3.6
1978-12-24,3.6
1978-12-25,3.6
1978-12-26,3.6
1978-12-27,3.6
1978-12-28,3.6
1978-12-29,3.6
1978-12-30,3.6
1978-12-31,3.6
1979-01-01,1.31
1979-01-02,1.31
1979-01-03,1.31
1979-01-04,1.31
1979-01-05,1.31
1979-01-06,1.31
1979-01-07,1.31
1979-01-08,1.31
1979-01-09,1.31
1979-01-10,1.31
1979-01-11,1.31
1979-01-12,1.31
1979-01-13,1.31
1979-01-14,1.31
1979-01-15,1.31
1979-01-16,1.31
1979-01-17,1.31
1979-01-18,1.31
1979-01-19,1.31
1979-01-20,1.31
1979-01-21,1.31
1979-01-22,1.31
1979-01-23,1.31
1979-01-24,1.31
1979-01-25,1.31
1979-01-26,1.31
1979-01-27,1.31
1979-01-28,1.31
1979-01-29,1.31
1979-01-30,1.31
1979-01-31,1.31
1979-02-01,0.0
1979-02-02,0.0
1979-02-03,0.0
1979-02-04,0.0
1979-02-05,0.0
1979-02-06,0.0
1979-02-07,0.0
1979-02-08,0.0
1979-02-09,0.0
1979-02-10,0.0
1979-02-11,0.0
1979-02-12,0.0
1979-02-13,0.0
1979-02-14,0.0
1979-02-15,0.0
1979-02-16,0.0
1979-02-17,0.0
1979-02-18,0.0
1979-02-19,0.0
1979-02-20,0.0
1979-02-21,0.0
1979-02-22,0.0
1979-02-23,0.0
1979-02-24,0.0
1979-02-25,0.0
1979-02-26,0.0
1979-02-27,0.0
1979-02-28,0.0
1979-03-01,0.0
1979-03-02,0.0
1979-03-03,0.0
1979-03-04,0.0
1979-03-05,0.0
1979-03-06,0.0
1979-03-07,0.0
1979-03-08,0.0
1979-03-09,0.0
1979-03-10,0.0
1979-03-11,2.13
1979-03-12,13.65
1979-03-13,11.52
1979-03-14,0.0
1979-03-15,11.38
1979-03-16,0.0
1979-03-17,0.0
1979-03-18,0.0
1979-03-19,0.0
1979-03-20,12.91
1979-03-21,13.13
1979-03-22,3.59
1979-03-23,0.0
1979-03-24,0.0
1979-03-25,0.0
1979-03-26,7.21
1979-03-27,0.0
1979-03-28,9.24
1979-03-29,11.12
1979-03-30,11.38
1979-03-31,11.92
1979-04-01,18.41
1979-04-02,18.41
1979-04-03,41.12
1979-04-04,16.04
1979-04-05,0.0
1979-04-06,3.98
1979-04-07,9.96
1979-04-08,0.0
1979-04-09,0.0
1979-04-10,11.08
1979-04-11,19.06
1979-04-12,0.0
1979-04-13,6.47
1979-04-14,28.36
1979-04-15,15.52
1979-04-16,10.46
1979-04-17,31.21
1979-04-18,8.1
1979-04-19,2.95
1979-04-20,10.46
1979-04-21,13.25
1979-04-22,12.48
1979-04-23,10.97
1979-04-24,0.0
1979-04-25,0.0
1979-04-26,0.0
1979-04-27,0.0
1979-04-28,0.0
1979-04-29,0.0
1979-04-30,0.0
1979-05-01,0.0
1979-05-02,0.0
1979-05-03,0.0
1979-05-04,0.0
1979-05-05,0.0
1979-05-06,0.0
1979-05-07,0.0
1979-05-08,0.0
1979-05-09,0.0
1979-05-10,0.0
1979-05-11,20.99
1979-05-12,41.5
1979-05-13,39.0
1979-05-14,26.74
1979-05-15,39.71
1979-05-16,46.16
1979-05-17,39.89
1979-05-18,48.34
1979-05-19,46.93
1979-05-20,13.77
1979-05-21,16.59
1979-05-22,18.39
1979-05-23,17.65
1979-05-24,15.45
1979-05-25,10.74
1979-05-26,11.6
1979-05-27,8.28
1979-05-28,7.47
1979-05-29,5.04
1979-05-30,23.73
1979-05-31,7.47
1979-06-01,8.01
1979-06-02,51.24
1979-06-03,60.91
1979-06-04,61.81
1979-06-05,64.3
1979-06-06,68.26
1979-06-07,68.51
1979-06-08,74.73
1979-06-09,70.7
1979-06-10,49.65
1979-06-11,32.04
1979-06-12,37.36
1979-06-13,32.84
1979-06-14,19.23
1979-06-15,13.17
1979-06-16,10.54
1979-06-17,3.96
1979-06-18,6.04
1979-06-19,0.0
1979-06-20,3.96
1979-06-21,3.96
1979-06-22,12.17
1979-06-23,13.39
1979-06-24,8.48
1979-06-25,7.49
1979-06-26,10.38
1979-06-27,0.0
1979-06-28,6.75
1979-06-29,0.0
1979-06-30,0.0
1979-07-01,8.29
1979-07-02,14.05
1979-07-03,13.39
1979-07-04,14.36
1979-07-05,12.18
1979-07-06,9.79
1979-07-07,11.77
1979-07-08,10.86
1979-07-09,26.47
1979-07-10,16.81
1979-07-11,12.57
1979-07-12,8.29
1979-07-13,10.86
1979-07-14,0.0
1979-07-15,0.0
1979-07-16,0.0
1979-07-17,0.0
1979-07-18,0.0
1979-07-19,0.0
1979-07-20,0.0
1979-07-21,0.0
1979-07-22,0.0
1979-07-23,0.0
1979-07-24,6.41
1979-07-25,10.86
1979-07-26,8.29
1979-07-27,12.57
1979-07-28,14.05
1979-07-29,8.29
1979-07-30,10.86
1979-07-31,0.0
1979-08-01,0.0
1979-08-02,17.41
1979-08-03,20.03
1979-08-04,19.29
1979-08-05,19.29
1979-08-06,23.88
1979-08-07,27.7
1979-08-08,26.6
1979-08-09,16.85
1979-08-10,7.21
1979-08-11,26.13
1979-08-12,0.0
1979-08-13,11.33
1979-08-14,15.44
1979-08-15,20.2
1979-08-16,18.16
1979-08-17,14.62
1979-08-18,0.0
1979-08-19,27.9
1979-08-20,35.73
1979-08-21,34.24
1979-08-22,36.15
1979-08-23,45.92
1979-08-24,51.82
1979-08-25,50.27
1979-08-26,29.75
1979-08-27,17.41
1979-08-28,12.18
1979-08-29,8.58
1979-08-30,0.0
1979-08-31,0.0
1979-09-01,0.0
1979-09-02,0.0
1979-09-03,0.0
1979-09-04,34.32
1979-09-05,34.32
1979-09-06,0.0
1979-09-07,0.0
1979-09-08,34.32
1979-09-09,0.0
1979-09-10,0.0
1979-09-11,0.0
1979-09-12,0.0
1979-09-13,0.0
1979-09-14,0.0
1979-09-15,0.0
1979-09-16,34.32
1979-09-17,34.32
1979-09-18,0.0
1979-09-19,0.0
1979-09-20,0.0
1979-09-21,0.0
1979-09-22,0.0
1979-09-23,0.0
1979-09-24,34.32
1979-09-25,34.32
1979-09-26,0.0
1979-09-27,34.32
1979-09-28,0.0
1979-09-29,0.0
1979-09-30,0.0
1979-10-01,0.0
1979-10-02,0.0
1979-10-03,52.7
1979-10-04,52.7
1979-10-05,0.0
1979-10-06,0.0
1979-10-07,0.0
1979-10-08,0.0
1979-10-09,52.7
1979-10-10,52.7
1979-10-11,52.7
1979-10-12,52.7
1979-10-13,0.0
1979-10-14,0.0
1979-10-15,0.0
1979-10-16,0.0
1979-10-17,0.0
1979-10-18,0.0
1979-10-19,0.0
1979-10-20,0.0
1979-10-21,0.0
1979-10-22,0.0
1979-10-23,0.0
1979-10-24,0.0
1979-10-25,0.0
1979-10-26,0.0
1979-10-27,52.7
1979-10-28,52.7
1979-10-29,52.7
1979-10-30,0.0
1979-10-31,0.0
1979-11-01,0.0
1979-11-02,0.0
1979-11-03,0.0
1979-11-04,0.0
1979-11-05,0.0
1979-11-06,0.0
1979-11-07,0.0
1979-11-08,0.0
1979-11-09,0.0
1979-11-10,0.0
1979-11-11,0.0
1979-11-12,0.0
1979-11-13,0.0
1979-11-14,0.0
1979-11-15,0.0
1979-11-16,0.0
1979-11-17,0.0
1979-11-18,0.0
1979-11-19,0.0
1979-11-20,0.0
1979-11-21,0.0
1979-11-22,0.0
1979-11-23,0.0
1979-11-24,0.0
1979-11-25,0.0
1979-11-26,0.0
1979-11-27,0.0
1979-11-28,0.0
1979-11-29,0.0
1979-11-30,0.0
1979-12-01,3.6
1979-12-02,3.6
1979-12-03,3.6
1979-12-04,3.6
1979-12-05,3.6
1979-12-06,3.6
1979-12-07,3.6
1979-12-08,3.6
1979-12-09,3.6
1979-12-10,3.6
1979-12-11,3.6
1979-12-12,3.6
1979-12-13,3.6
1979-12-14,3.6
1979-12-15,3.6
1979-12-16,3.6
1979-12-17,3.6
1979-12-18,3.6
1979-12-19,3.6
1979-12-20,3.6
1979-12-21,3.6
1979-12-22,3.6
1979-12-23,3.6
1979-12-24,3.6
1979-12-25,3.6
1979-12-26,3.6
1979-12-27,3.6
1979-12-28,3.6
1979-12-29,3.6
1979-12-30,3.6
1979-12-31,3.6
1980-01-01,1.31
1980-01-02,1.31
1980-01-03,1.31
1980-01-04,1.31
1980-01-05,1.31
1980-01-06,1.31
1980-01-07,1.31
1980-01-08,1.31
1980-01-09,1.31
1980-01-10,1.31
1980-01-11,1.31
1980-01-12,1.31
1980-01-13,1.31
1980-01-14,1.31
1980-01-15,1.31
1980-01-16,1.31
1980-01-17,1.31
1980-01-18,1.31
1980-01-19,1.31
1980-01-20,1.31
1980-01-21,1.31
1980-01-22,1.31
1980-01-23,1.31
1980-01-24,1.31
1980-01-25,1.31
1980-01-26,1.31
1980-01-27,1.31
1980-01-28,1.31
1980-01-29,1.31
1980-01-30,1.31
1980-01-31,1.31
1980-02-01,0.0
1980-02-02,0.0
1980-02-03,0.0
1980-02-04,0.0
1980-02-05,14.43
1980-02-06,14.43
1980-02-07,0.0
1980-02-08,0.0
1980-02-09,0.0
1980-02-10,0.0
1980-02-11,0.0
1980-02-12,0.0
1980-02-13,14.43
1980-02-14,14.43
1980-02-15,14.43
1980-02-16,0.0
1980-02-17,14.43
1980-02-18,0.0
1980-02-19,14.43
1980-02-20,0.0
1980-02-21,0.0
1980-02-22,0.0
1980-02-23,0.0
1980-02-24,0.0
1980-02-25,0.0
1980-02-26,14.43
1980-02-27,14.43
1980-02-28,14.43
1980-02-29,0.0
1980-03-01,0.0
1980-03-02,8.87
1980-03-03,6.97
1980-03-04,2.13
1980-03-05,0.0
1980-03-06,10.53
1980-03-07,13.13
1980-03-08,7.21
1980-03-09,11.66
1980-03-10,0.0
1980-03-11,0.0
1980-03-12,0.0
1980-03-13,0.0
1980-03-14,0.0
1980-03-15,0.0
1980-03-16,0.0
1980-03-17,0.0
1980-03-18,0.0
1980-03-19,5.67
1980-03-20,7.78
1980-03-21,0.0
1980-03-22,0.0
1980-03-23,0.0
1980-03-24,0.0
1980-03-25,0.0
1980-03-26,0.0
1980-03-27,12.18
1980-03-28,8.5
1980-03-29,10.53
1980-03-30,15.71
1980-03-31,31.74
1980-04-01,26.9
1980-04-02,24.71
1980-04-03,24.55
1980-04-04,22.34
1980-04-05,38.78
1980-04-06,51.11
1980-04-07,41.29
1980-04-08,17.8
1980-04-09,4.48
1980-04-10,12.6
1980-04-11,18.65
1980-04-12,12.08
1980-04-13,7.37
1980-04-14,0.0
1980-04-15,0.0
1980-04-16,9.96
1980-04-17,0.0
1980-04-18,0.0
1980-04-19,5.99
1980-04-20,9.09
1980-04-21,0.0
1980-04-22,0.0
1980-04-23,18.16
1980-04-24,19.12
1980-04-25,15.74
1980-04-26,15.74
1980-04-27,28.05
1980-04-28,35.74
1980-04-29,38.83
1980-04-30,37.85
1980-05-01,50.02
1980-05-02,45.77
1980-05-03,34.77
1980-05-04,24.73
1980-05-05,8.28
1980-05-06,6.46
1980-05-07,0.0
1980-05-08,0.0
1980-05-09,0.0
1980-05-10,0.0
1980-05-11,0.0
1980-05-12,0.0
1980-05-13,0.0
1980-05-14,0.0
1980-05-15,17.65
1980-05-16,20.99
1980-05-17,24.06
1980-05-18,10.74
1980-05-19,0.0
1980-05-20,27.3
1980-05-21,35.01
1980-05-22,26.18
1980-05-23,29.65
1980-05-24,21.58
1980-05-25,19.77
1980-05-26,0.0
1980-05-27,8.28
1980-05-28,14.88
1980-05-29,44.43
1980-05-30,35.01
1980-05-31,13.14
1980-06-01,6.04
1980-06-02,0.0
1980-06-03,0.0
1980-06-04,7.49
1980-06-05,43.72
1980-06-06,55.14
1980-06-07,32.25
1980-06-08,17.91
1980-06-09,35.08
1980-06-10,8.01
1980-06-11,31.97
1980-06-12,8.91
1980-06-13,16.87
1980-06-14,28.3
1980-06-15,40.49
1980-06-16,24.95
1980-06-17,28.71
1980-06-18,26.08
1980-06-19,24.27
1980-06-20,37.4
1980-06-21,22.03
1980-06-22,26.52
1980-06-23,22.03
1980-06-24,17.77
1980-06-25,12.66
1980-06-26,17.49
1980-06-27,66.29
1980-06-28,72.86
1980-06-29,52.07
1980-06-30,52.93
1980-07-01,33.04
1980-07-02,38.43
1980-07-03,60.56
1980-07-04,58.51
1980-07-05,55.96
1980-07-06,29.8
1980-07-07,11.77
1980-07-08,6.41
1980-07-09,4.95
1980-07-10,0.0
1980-07-11,6.41
1980-07-12,8.29
1980-07-13,0.0
1980-07-14,8.29
1980-07-15,0.0
1980-07-16,8.29
1980-07-17,0.0
1980-07-18,0.0
1980-07-19,0.0
1980-07-20,0.0
1980-07-21,0.0
1980-07-22,6.41
1980-07-23,10.86
1980-07-24,12.57
1980-07-25,16.81
1980-07-26,19.39
1980-07-27,14.05
1980-07-28,10.86
1980-07-29,10.86
1980-07-30,15.83
1980-07-31,13.04
1980-08-01,15.44
1980-08-02,15.44
1980-08-03,17.67
1980-08-04,25.16
1980-08-05,10.22
1980-08-06,10.22
1980-08-07,10.22
1980-08-08,13.04
1980-08-09,27.36
1980-08-10,29.23
1980-08-11,31.82
1980-08-12,10.22
1980-08-13,31.59
1980-08-14,0.0
1980-08-15,0.0
1980-08-16,12.18
1980-08-17,13.04
1980-08-18,16.85
1980-08-19,17.41
1980-08-20,15.44
1980-08-21,0.0
1980-08-22,0.0
1980-08-23,10.22
1980-08-24,11.33
1980-08-25,12.18
1980-08-26,10.22
1980-08-27,0.0
1980-08-28,0.0
1980-08-29,0.0
1980-08-30,0.0
1980-08-31,0.0
1980-09-01,34.32
1980-09-02,0.0
1980-09-03,34.32
1980-09-04,0.0
1980-09-05,34.32
1980-09-06,34.32
1980-09-07,34.32
1980-09-08,34.32
1980-09-09,34.32
1980-09-10,0.0
1980-09-11,0.0
1980-09-12,34.32
1980-09-13,34.32
1980-09-14,0.0
1980-09-15,0.0
1980-09-16,0.0
1980-09-17,34.32
1980-09-18,0.0
1980-09-19,0.0
1980-09-20,0.0
1980-09-21,0.0
1980-09-22,34.32
1980-09-23,34.32
1980-09-24,34.32
1980-09-25,0.0
1980-09-26,0.0
1980-09-27,0.0
1980-09-28,0.0
1980-09-29,0.0
1980-09-30,0.0
1980-10-01,0.0
1980-10-02,0.0
1980-10-03,0.0
1980-10-04,0.0
1980-10-05,0.0
1980-10-06,0.0
1980-10-07,0.0
1980-10-08,0.0
1980-10-09,0.0
1980-10-10,0.0
1980-10-11,0.0
1980-10-12,0.0
1980-10-13,0.0
1980-10-14,52.7
1980-10-15,0.0
1980-10-16,0.0
1980-10-17,0.0
1980-10-18,0.0
1980-10-19,0.0
1980-10-20,0.0
1980-10-21,0.0
1980-10-22,0.0
1980-10-23,0.0
1980-10-24,0.0
1980-10-25,0.0
1980-10-26,52.7
1980-10-27,52.7
1980-10-28,0.0
1980-10-29,0.0
1980-10-30,0.0
1980-10-31,0.0
1980-11-01,0.0
1980-11-02,0.0
1980-11-03,0.0
1980-11-04,0.0
1980-11-05,0.0
1980-11-06,0.0
1980-11-07,0.0
1980-11-08,0.0
1980-11-09,0.0
1980-11-10,0.0
1980-11-11,0.0
1980-11-12,0.0
1980-11-13,0.0
1980-11-14,0.0
1980-11-15,0.0
1980-11-16,0.0
1980-11-17,0.0
1980-11-18,0.0
1980-11-19,0.0
1980-11-20,0.0
1980-11-21,0.0
1980-11-22,0.0
1980-11-23,0.0
1980-11-24,0.0
1980-11-25,0.0
1980-11-26,0.0
1980-11-27,0.0
1980-11-28,0.0
1980-11-29,0.0
1980-11-30,0.0
1980-12-01,3.6
1980-12-02,3.6
1980-12-03,3.6
1980-12-04,3.6
1980-12-05,3.6
1980-12-06,3.6
1980-12-07,3.6
1980-12-08,3.6
1980-12-09,3.6
1980-12-10,3.6
1980-12-11,3.6
1980-12-12,3.6
1980-12-13,3.6
1980-12-14,3.6
1980-12-15,3.6
1980-12-16,3.6
1980-12-17,3.6
1980-12-18,3.6
1980-12-19,3.6
1980-12-20,3.6
1980-12-21,3.6
1980-12-22,3.6
1980-12-23,3.6
1980-12-24,3.6
1980-12-25,3.6
1980-12-26,3.6
1980-12-27,3.6
1980-12-28,3.6
1980-12-29,3.6
1980-12-30,3.6
1980-12-31,3.6
1981-01-01,1.31
1981-01-02,1.31
1981-01-03,1.31
1981-01-04,1.31
1981-01-05,1.31
1981-01-06,1.31
1981-01-07,1.31
1981-01-08,1.31
1981-01-09,1.31
1981-01-10,1.31
1981-01-11,1.31
1981-01-12,1.31
1981-01-13,1.31
1981-01-14,1.31
1981-01-15,1.31
1981-01-16,1.31
1981-01-17,1.31
1981-01-18,1.31
1981-01-19,1.31
1981-01-20,1.31
1981-01-21,1.31
1981-01-22,1.31
1981-01-23,1.31
1981-01-24,1.31
1981-01-25,1.31
1981-01-26,1.31
1981-01-27,1.31
1981-01-28,1.31
1981-01-29,1.31
1981-01-30,1.31
1981-01-31,1.31
1981-02-01,0.0
1981-02-02,0.0
1981-02-03,0.0
1981-02-04,0.0
1981-02-05,0.0
1981-02-06,0.0
1981-02-07,0.0
1981-02-08,0.0
1981-02-09,0.0
1981-02-10,0.0
1981-02-11,0.0
1981-02-12,0.0
1981-02-13,0.0
1981-02-14,0.0
1981-02-15,0.0
1981-02-16,0.0
1981-02-17,0.0
1981-02-18,0.0
1981-02-19,14.43
1981-02-20,14.43
1981-02-21,14.43
1981-02-22,14.43
1981-02-23,14.43
1981-02-24,0.0
1981-02-25,0.0
1981-02-26,14.43
1981-02-27,14.43
1981-02-28,14.43
1981-03-01,0.0
1981-03-02,7.21
1981-03-03,14.44
1981-03-04,27.73
1981-03-05,8.5
1981-03-06,8.5
1981-03-07,0.0
1981-03-08,0.0
1981-03-09,17.05
1981-03-10,8.09
1981-03-11,9.57
1981-03-12,12.42
1981-03-13,5.75
1981-03-14,5.75
1981-03-15,11.92
1981-03-16,22.81
1981-03-17,17.87
1981-03-18,0.0
1981-03-19,14.24
1981-03-20,4.5
1981-03-21,18.34
1981-03-22,14.02
1981-03-23,4.88
1981-03-24,0.0
1981-03-25,0.0
1981-03-26,0.0
1981-03-27,0.0
1981-03-28,5.59
1981-03-29,12.79
1981-03-30,18.92
1981-03-31,3.59
1981-04-01,5.31
1981-04-02,9.01
1981-04-03,0.0
1981-04-04,9.38
1981-04-05,10.34
1981-04-06,9.45
1981-04-07,5.86
1981-04-08,22.43
1981-04-09,17.28
1981-04-10,9.38
1981-04-11,0.0
1981-04-12,0.0
1981-04-13,0.0
1981-04-14,7.37
1981-04-15,0.0
1981-04-16,11.42
1981-04-17,8.1
1981-04-18,10.97
1981-04-19,0.0
1981-04-20,0.0
1981-04-21,11.42
1981-04-22,17.14
1981-04-23,15.74
1981-04-24,21.17
1981-04-25,0.0
1981-04-26,5.45
1981-04-27,5.45
1981-04-28,15.74
1981-04-29,13.07
1981-04-30,42.37
1981-05-01,40.13
1981-05-02,14.88
1981-05-03,0.0
1981-05-04,0.0
1981-05-05,0.0
1981-05-06,0.0
1981-05-07,0.0
1981-05-08,0.0
1981-05-09,0.0
1981-05-10,0.0
1981-05-11,0.0
1981-05-12,6.46
1981-05-13,29.01
1981-05-14,39.1
1981-05-15,28.18
1981-05-16,8.28
1981-05-17,14.88
1981-05-18,0.0
1981-05-19,0.0
1981-05-20,0.0
1981-05-21,0.0
1981-05-22,0.0
1981-05-23,0.0
1981-05-24,0.0
1981-05-25,22.76
1981-05-26,0.0
1981-05-27,0.0
1981-05-28,0.0
1981-05-29,0.0
1981-05-30,0.0
1981-05-31,0.0
1981-06-01,0.0
1981-06-02,0.0
1981-06-03,0.0
1981-06-04,0.0
1981-06-05,0.0
1981-06-06,0.0
1981-06-07,0.0
1981-06-08,0.0
1981-06-09,0.0
1981-06-10,0.0
1981-06-11,19.35
1981-06-12,32.69
1981-06-13,62.51
1981-06-14,68.72
1981-06-15,76.06
1981-06-16,64.35
1981-06-17,52.68
1981-06-18,24.87
1981-06-19,14.84
1981-06-20,0.0
1981-06-21,0.0
1981-06-22,0.0
1981-06-23,0.0
1981-06-24,0.0
1981-06-25,0.0
1981-06-26,6.75
1981-06-27,6.75
1981-06-28,0.0
1981-06-29,0.0
1981-06-30,0.0
1981-07-01,0.0
1981-07-02,0.0
1981-07-03,11.77
1981-07-04,20.1
1981-07-05,22.38
1981-07-06,22.8
1981-07-07,29.89
1981-07-08,39.12
1981-07-09,26.0
1981-07-10,14.05
1981-07-11,47.3
1981-07-12,55.2
1981-07-13,44.12
1981-07-14,24.57
1981-07-15,6.41
1981-07-16,6.41
1981-07-17,8.29
1981-07-18,6.41
1981-07-19,6.41
1981-07-20,10.86
1981-07-21,10.86
1981-07-22,6.41
1981-07-23,0.0
1981-07-24,40.42
1981-07-25,44.63
1981-07-26,33.95
1981-07-27,52.26
1981-07-28,54.02
1981-07-29,19.39
1981-07-30,0.0
1981-07-31,0.0
1981-08-01,0.0
1981-08-02,28.43
1981-08-03,31.91
1981-08-04,19.29
1981-08-05,16.55
1981-08-06,15.81
1981-08-07,14.62
1981-08-08,16.15
1981-08-09,17.41
1981-08-10,14.62
1981-08-11,12.18
1981-08-12,12.18
1981-08-13,12.18
1981-08-14,0.0
1981-08-15,38.38
1981-08-16,41.72
1981-08-17,28.18
1981-08-18,25.78
1981-08-19,27.5
1981-08-20,13.63
1981-08-21,12.18
1981-08-22,0.0
1981-08-23,26.29
1981-08-24,0.0
1981-08-25,10.22
1981-08-26,15.81
1981-08-27,30.03
1981-08-28,8.58
1981-08-29,0.0
1981-08-30,0.0
1981-08-31,31.01
1981-09-01,34.32
1981-09-02,0.0
1981-09-03,0.0
1981-09-04,0.0
1981-09-05,0.0
1981-09-06,34.32
1981-09-07,34.32
1981-09-08,34.32
1981-09-09,34.32
1981-09-10,34.32
1981-09-11,34.32
1981-09-12,0.0
1981-09-13,34.32
1981-09-14,34.32
1981-09-15,34.32
1981-09-16,0.0
1981-09-17,0.0
1981-09-18,0.0
1981-09-19,0.0
1981-09-20,0.0
1981-09-21,0.0
1981-09-22,0.0
1981-09-23,0.0
1981-09-24,34.32
1981-09-25,0.0
1981-09-26,0.0
1981-09-27,0.0
1981-09-28,0.0
1981-09-29,34.32
1981-09-30,34.32
1981-10-01,52.7
1981-10-02,0.0
1981-10-03,0.0
1981-10-04,0.0
1981-10-05,0.0
1981-10-06,0.0
1981-10-07,0.0
1981-10-08,0.0
1981-10-09,0.0
1981-10-10,0.0
1981-10-11,0.0
1981-10-12,0.0
1981-10-13,0.0
1981-10-14,0.0
1981-10-15,0.0
1981-10-16,0.0
1981-10-17,0.0
1981-10-18,0.0
1981-10-19,0.0
1981-10-20,0.0
1981-10-21,0.0
1981-10-22,0.0
1981-10-23,0.0
1981-10-24,0.0
1981-10-25,0.0
1981-10-26,0.0
1981-10-27,0.0
1981-10-28,0.0
1981-10-29,0.0
1981-10-30,0.0
1981-10-31,0.0
1981-11-01,0.0
1981-11-02,0.0
1981-11-03,0.0
1981-11-04,0.0
1981-11-05,0.0
1981-11-06,0.0
1981-11-07,0.0
1981-11-08,0.0
1981-11-09,56.16
1981-11-10,56.16
1981-11-11,56.16
1981-11-12,56.16
1981-11-13,0.0
1981-11-14,0.0
1981-11-15,0.0
1981-11-16,0.0
1981-11-17,0.0
1981-11-18,0.0
1981-11-19,0.0
1981-11-20,0.0
1981-11-21,0.0
1981-11-22,0.0
1981-11-23,0.0
1981-11-24,0.0
1981-11-25,0.0
1981-11-26,0.0
1981-11-27,0.0
1981-11-28,0.0
1981-11-29,0.0
1981-11-30,0.0
1981-12-01,3.6
1981-12-02,3.6
1981-12-03,3.6
1981-12-04,3.6
1981-12-05,3.6
1981-12-06,3.6
1981-12-07,3.6
1981-12-08,3.6
1981-12-09,3.6
1981-12-10,3.6
1981-12-11,3.6
1981-12-12,3.6
1981-12-13,3.6
1981-12-14,3.6
1981-12-15,3.6
1981-12-16,3.6
1981-12-17,3.6
1981-12-18,3.6
1981-12-19,3.6
1981-12-20,3.6
1981-12-21,3.6
1981-12-22,3.6
1981-12-23,3.6
1981-12-24,3.6
1981-12-25,3.6
1981-12-26,3.6
1981-12-27,3.6
1981-12-28,3.6
1981-12-29,3.6
1981-12-30,3.6
1981-12-31,3.6
1982-01-01,1.31
1982-01-02,1.31
1982-01-03,1.31
1982-01-04,1.31
1982-01-05,1.31
1982-01-06,1.31
1982-01-07,1.31
1982-01-08,1.31
1982-01-09,1.31
1982-01-10,1.31
1982-01-11,1.31
1982-01-12,1.31
1982-01-13,1.31
1982-01-14,1.31
1982-01-15,1.31
1982-01-16,1.31
1982-01-17,1.31
1982-01-18,1.31
1982-01-19,1.31
1982-01-20,1.31
1982-01-21,1.31
1982-01-22,1.31
1982-01-23,1.31
1982-01-24,1.31
1982-01-25,1.31
1982-01-26,1.31
1982-01-27,1.31
1982-01-28,1.31
1982-01-29,1.31
1982-01-30,1.31
1982-01-31,1.31
1982-02-01,0.0
1982-02-02,0.0
1982-02-03,0.0
1982-02-04,0.0
1982-02-05,0.0
1982-02-06,0.0
1982-02-07,14.43
1982-02-08,0.0
1982-02-09,0.0
1982-02-10,0.0
1982-02-11,14.43
1982-02-12,0.0
1982-02-13,14.43
1982-02-14,0.0
1982-02-15,14.43
1982-02-16,14.43
1982-02-17,0.0
1982-02-18,0.0
1982-02-19,0.0
1982-02-20,0.0
1982-02-21,0.0
1982-02-22,0.0
1982-02-23,0.0
1982-02-24,0.0
1982-02-25,0.0
1982-02-26,14.43
1982-02-27,0.0
1982-02-28,0.0
1982-03-01,0.0
1982-03-02,0.0
1982-03-03,8.5
1982-03-04,4.08
1982-03-05,0.0
1982-03-06,0.0
1982-03-07,0.0
1982-03-08,0.0
1982-03-09,0.0
1982-03-10,0.0
1982-03-11,0.0
1982-03-12,0.0
1982-03-13,2.13
1982-03-14,0.0
1982-03-15,10.53
1982-03-16,8.87
1982-03-17,8.87
1982-03-18,9.57
1982-03-19,0.0
1982-03-20,0.0
1982-03-21,0.0
1982-03-22,0.0
1982-03-23,0.0
1982-03-24,0.0
1982-03-25,0.0
1982-03-26,0.0
1982-03-27,0.0
1982-03-28,0.0
1982-03-29,0.0
1982-03-30,6.18
1982-03-31,2.93
1982-04-01,0.0
1982-04-02,10.46
1982-04-03,16.32
1982-04-04,16.59
1982-04-05,13.63
1982-04-06,27.19
1982-04-07,7.17
1982-04-08,12.08
1982-04-09,7.74
1982-04-10,29.78
1982-04-11,22.8
1982-04-12,14.9
1982-04-13,13.45
1982-04-14,14.9
1982-04-15,7.74
1982-04-16,4.83
1982-04-17,0.0
1982-04-18,5.45
1982-04-19,10.21
1982-04-20,8.1
1982-04-21,3.98
1982-04-22,19.12
1982-04-23,9.38
1982-04-24,26.3
1982-04-25,38.64
1982-04-26,49.14
1982-04-27,45.23
1982-04-28,40.61
1982-04-29,31.3
1982-04-30,26.45
1982-05-01,35.01
1982-05-02,0.0
1982-05-03,0.0
1982-05-04,0.0
1982-05-05,14.88
1982-05-06,0.0
1982-05-07,0.0
1982-05-08,0.0
1982-05-09,0.0
1982-05-10,0.0
1982-05-11,0.0
1982-05-12,43.03
1982-05-13,31.36
1982-05-14,0.0
1982-05-15,0.0
1982-05-16,0.0
1982-05-17,0.0
1982-05-18,0.0
1982-05-19,0.0
1982-05-20,0.0
1982-05-21,0.0
1982-05-22,0.0
1982-05-23,0.0
1982-05-24,0.0
1982-05-25,0.0
1982-05-26,0.0
1982-05-27,0.0
1982-05-28,0.0
1982-05-29,0.0
1982-05-30,0.0
1982-05-31,0.0
1982-06-01,0.0
1982-06-02,11.64
1982-06-03,21.63
1982-06-04,11.64
1982-06-05,8.01
1982-06-06,6.75
1982-06-07,0.0
1982-06-08,0.0
1982-06-09,0.0
1982-06-10,0.0
1982-06-11,0.0
1982-06-12,0.0
1982-06-13,0.0
1982-06-14,0.0
1982-06-15,0.0
1982-06-16,0.0
1982-06-17,21.09
1982-06-18,5.17
1982-06-19,5.17
1982-06-20,8.01
1982-06-21,17.49
1982-06-22,13.82
1982-06-23,25.68
1982-06-24,29.8
1982-06-25,29.04
1982-06-26,27.41
1982-06-27,23.21
1982-06-28,36.78
1982-06-29,21.4
1982-06-30,12.41
1982-07-01,0.0
1982-07-02,0.0
1982-07-03,0.0
1982-07-04,0.0
1982-07-05,0.0
1982-07-06,0.0
1982-07-07,0.0
1982-07-08,0.0
1982-07-09,0.0
1982-07-10,0.0
1982-07-11,0.0
1982-07-12,26.0
1982-07-13,8.29
1982-07-14,9.79
1982-07-15,0.0
1982-07-16,8.29
1982-07-17,9.18
1982-07-18,7.45
1982-07-19,11.33
1982-07-20,6.41
1982-07-21,0.0
1982-07-22,0.0
1982-07-23,12.57
1982-07-24,14.05
1982-07-25,8.29
1982-07-26,0.0
1982-07-27,8.29
1982-07-28,0.0
1982-07-29,6.41
1982-07-30,11.33
1982-07-31,26.69
1982-08-01,19.09
1982-08-02,0.0
1982-08-03,0.0
1982-08-04,0.0
1982-08-05,12.18
1982-08-06,14.62
1982-08-07,14.62
1982-08-08,0.0
1982-08-09,35.43
1982-08-10,0.0
1982-08-11,0.0
1982-08-12,0.0
1982-08-13,0.0
1982-08-14,12.18
1982-08-15,17.67
1982-08-16,18.16
1982-08-17,11.33
1982-08-18,11.33
1982-08-19,0.0
1982-08-20,31.16
1982-08-21,26.44
1982-08-22,0.0
1982-08-23,0.0
1982-08-24,28.93
1982-08-25,0.0
1982-08-26,0.0
1982-08-27,27.77
1982-08-28,31.11
1982-08-29,13.63
1982-08-30,18.88
1982-08-31,23.88
1982-09-01,34.32
1982-09-02,34.32
1982-09-03,34.32
1982-09-04,34.32
1982-09-05,34.32
1982-09-06,34.32
1982-09-07,34.32
1982-09-08,34.32
1982-09-09,34.32
1982-09-10,34.32
1982-09-11,0.0
1982-09-12,0.0
1982-09-13,0.0
1982-09-14,0.0
1982-09-15,0.0
1982-09-16,0.0
1982-09-17,34.32
1982-09-18,34.32
1982-09-19,0.0
1982-09-20,0.0
1982-09-21,0.0
1982-09-22,0.0
1982-09-23,0.0
1982-09-24,0.0
1982-09-25,0.0
1982-09-26,0.0
1982-09-27,0.0
1982-09-28,0.0
1982-09-29,0.0
1982-09-30,0.0
1982-10-01,0.0
1982-10-02,0.0
1982-10-03,52.7
1982-10-04,0.0
1982-10-05,0.0
1982-10-06,0.0
1982-10-07,0.0
1982-10-08,0.0
1982-10-09,0.0
1982-10-10,0.0
1982-10-11,0.0
1982-10-12,0.0
1982-10-13,0.0
1982-10-14,0.0
1982-10-15,52.7
1982-10-16,0.0
1982-10-17,0.0
1982-10-18,0.0
1982-10-19,0.0
1982-10-20,0.0
1982-10-21,0.0
1982-10-22,0.0
1982-10-23,0.0
1982-10-24,0.0
1982-10-25,0.0
1982-10-26,0.0
1982-10-27,0.0
1982-10-28,0.0
1982-10-29,0.0
1982-10-30,0.0
1982-10-31,0.0
1982-11-01,0.0
1982-11-02,0.0
1982-11-03,0.0
1982-11-04,0.0
1982-11-05,0.0
1982-11-06,0.0
1982-11-07,0.0
1982-11-08,0.0
1982-11-09,0.0
1982-11-10,0.0
1982-11-11,0.0
1982-11-12,0.0
1982-11-13,0.0
1982-11-14,0.0
1982-11-15,0.0
1982-11-16,0.0
1982-11-17,0.0
1982-11-18,0.0
1982-11-19,0.0
1982-11-20,0.0
1982-11-21,0.0
1982-11-22,0.0
1982-11-23,0.0
1982-11-24,0.0
1982-11-25,0.0
1982-11-26,0.0
1982-11-27,0.0
1982-11-28,0.0
1982-11-29,0.0
1982-11-30,0.0
1982-12-01,3.6
1982-12-02,3.6
1982-12-03,3.6
1982-12-04,3.6
1982-12-05,3.6
1982-12-06,3.6
1982-12-07,3.6
1982-12-08,3.6
1982-12-09,3.6
1982-12-10,3.6
1982-12-11,3.6
1982-12-12,3.6
1982-12-13,3.6
1982-12-14,3.6
1982-12-15,3.6
1982-12-16,3.6
1982-12-17,3.6
1982-12-18,3.6
1982-12-19,3.6
1982-12-20,3.6
1982-12-21,3.6
1982-12-22,3.6
1982-12-23,3.6
1982-12-24,3.6
1982-12-25,3.6
1982-12-26,3.6
1982-12-27,3.6
1982-12-28,3.6
1982-12-29,3.6
1982-12-30,3.6
1982-12-31,3.6
1983-01-01,1.31
1983-01-02,1.31
1983-01-03,1.31
1983-01-04,1.31
1983-01-05,1.31
1983-01-06,1.31
1983-01-07,1.31
1983-01-08,1.31
1983-01-09,1.31
1983-01-10,1.31
1983-01-11,1.31
1983-01-12,1.31
1983-01-13,1.31
1983-01-14,1.31
1983-01-15,1.31
1983-01-16,1.31
1983-01-17,1.31
1983-01-18,1.31
1983-01-19,1.31
1983-01-20,1.31
1983-01-21,1.31
1983-01-22,1.31
1983-01-23,1.31
1983-01-24,1.31
1983-01-25,1.31
1983-01-26,1.31
1983-01-27,1.31
1983-01-28,1.31
1983-01-29,1.31
1983-01-30,1.31
1983-01-31,1.31
1983-02-01,0.0
1983-02-02,0.0
1983-02-03,0.0
1983-02-04,0.0
1983-02-05,14.43
1983-02-06,0.0
1983-02-07,0.0
1983-02-08,0.0
1983-02-09,0.0
1983-02-10,0.0
1983-02-11,0.0
1983-02-12,0.0
1983-02-13,0.0
1983-02-14,0.0
1983-02-15,0.0
1983-02-16,0.0
1983-02-17,0.0
1983-02-18,0.0
1983-02-19,14.43
1983-02-20,14.43
1983-02-21,14.43
1983-02-22,14.43
1983-02-23,14.43
1983-02-24,14.43
1983-02-25,14.43
1983-02-26,14.43
1983-02-27,14.43
1983-02-28,14.43
1983-03-01,18.69
1983-03-02,2.93
1983-03-03,0.0
1983-03-04,0.0
1983-03-05,6.18
1983-03-06,11.92
1983-03-07,0.0
1983-03-08,0.0
1983-03-09,6.73
1983-03-10,0.0
1983-03-11,0.0
1983-03-12,0.0
1983-03-13,0.0
1983-03-14,0.0
1983-03-15,0.0
1983-03-16,0.0
1983-03-17,0.0
1983-03-18,0.0
1983-03-19,0.0
1983-03-20,0.0
1983-03-21,12.79
1983-03-22,6.35
1983-03-23,0.0
1983-03-24,0.0
1983-03-25,0.0
1983-03-26,0.0
1983-03-27,0.0
1983-03-28,12.18
1983-03-29,7.21
1983-03-30,0.0
1983-03-31,0.0
1983-04-01,0.0
1983-04-02,0.0
1983-04-03,0.0
1983-04-04,0.0
1983-04-05,5.45
1983-04-06,16.04
1983-04-07,19.06
1983-04-08,18.3
1983-04-09,37.1
1983-04-10,20.34
1983-04-11,0.0
1983-04-12,0.0
1983-04-13,0.0
1983-04-14,0.0
1983-04-15,0.0
1983-04-16,0.0
1983-04-17,9.96
1983-04-18,0.0
1983-04-19,15.28
1983-04-20,16.53
1983-04-21,22.05
1983-04-22,6.47
1983-04-23,9.82
1983-04-24,7.92
1983-04-25,10.21
1983-04-26,14.48
1983-04-27,13.54
1983-04-28,18.59
1983-04-29,10.21
1983-04-30,0.0
1983-05-01,0.0
1983-05-02,14.88
1983-05-03,0.0
1983-05-04,0.0
1983-05-05,0.0
1983-05-06,0.0
1983-05-07,13.77
1983-05-08,0.0
1983-05-09,0.0
1983-05-10,12.37
1983-05-11,41.54
1983-05-12,12.37
1983-05-13,0.0
1983-05-14,0.0
1983-05-15,0.0
1983-05-16,0.0
1983-05-17,31.99
1983-05-18,44.89
1983-05-19,56.69
1983-05-20,40.66
1983-05-21,15.92
1983-05-22,0.0
1983-05-23,19.12
1983-05-24,0.0
1983-05-25,24.28
1983-05-26,30.57
1983-05-27,31.99
1983-05-28,16.8
1983-05-29,26.83
1983-05-30,46.72
1983-05-31,60.81
1983-06-01,38.95
1983-06-02,16.41
1983-06-03,3.96
1983-06-04,0.0
1983-06-05,7.49
1983-06-06,37.32
1983-06-07,28.58
1983-06-08,41.47
1983-06-09,48.24
1983-06-10,54.39
1983-06-11,47.13
1983-06-12,63.38
1983-06-13,72.39
1983-06-14,23.47
1983-06-15,21.2
1983-06-16,0.0
1983-06-17,0.0
1983-06-18,0.0
1983-06-19,20.77
1983-06-20,0.0
1983-06-21,0.0
1983-06-22,5.17
1983-06-23,0.0
1983-06-24,0.0
1983-06-25,0.0
1983-06-26,0.0
1983-06-27,0.0
1983-06-28,17.77
1983-06-29,0.0
1983-06-30,15.2
1983-07-01,15.83
1983-07-02,18.17
1983-07-03,18.17
1983-07-04,23.22
1983-07-05,20.81
1983-07-06,12.18
1983-07-07,6.41
1983-07-08,0.0
1983-07-09,29.23
1983-07-10,15.23
1983-07-11,27.85
1983-07-12,18.96
1983-07-13,14.05
1983-07-14,15.23
1983-07-15,14.36
1983-07-16,17.97
1983-07-17,23.22
1983-07-18,28.55
1983-07-19,34.38
1983-07-20,24.57
1983-07-21,19.75
1983-07-22,24.04
1983-07-23,20.27
1983-07-24,16.81
1983-07-25,15.23
1983-07-26,10.86
1983-07-27,8.29
1983-07-28,0.0
1983-07-29,0.0
1983-07-30,0.0
1983-07-31,0.0
1983-08-01,0.0
1983-08-02,0.0
1983-08-03,15.44
1983-08-04,13.63
1983-08-05,15.44
1983-08-06,22.2
1983-08-07,17.92
1983-08-08,33.79
1983-08-09,0.0
1983-08-10,0.0
1983-08-11,8.58
1983-08-12,0.0
1983-08-13,0.0
1983-08-14,0.0
1983-08-15,10.22
1983-08-16,18.39
1983-08-17,23.88
1983-08-18,25.07
1983-08-19,22.2
1983-08-20,22.46
1983-08-21,20.03
1983-08-22,16.15
1983-08-23,0.0
1983-08-24,40.02
1983-08-25,0.0
1983-08-26,0.0
1983-08-27,12.18
1983-08-28,0.0
1983-08-29,0.0
1983-08-30,0.0
1983-08-31,0.0
1983-09-01,0.0
1983-09-02,34.32
1983-09-03,0.0
1983-09-04,0.0
1983-09-05,0.0
1983-09-06,0.0
1983-09-07,0.0
1983-09-08,34.32
1983-09-09,34.32
1983-09-10,34.32
1983-09-11,34.32
1983-09-12,34.32
1983-09-13,34.32
1983-09-14,34.32
1983-09-15,34.32
1983-09-16,0.0
1983-09-17,0.0
1983-09-18,0.0
1983-09-19,0.0
1983-09-20,0.0
1983-09-21,34.32
1983-09-22,34.32
1983-09-23,34.32
1983-09-24,34.32
1983-09-25,34.32
1983-09-26,0.0
1983-09-27,0.0
1983-09-28,0.0
1983-09-29,0.0
1983-09-30,0.0
1983-10-01,0.0
1983-10-02,52.7
1983-10-03,52.7
1983-10-04,0.0
1983-10-05,0.0
1983-10-06,0.0
1983-10-07,0.0
1983-10-08,0.0
1983-10-09,0.0
1983-10-10,0.0
1983-10-11,0.0
1983-10-12,0.0
1983-10-13,0.0
1983-10-14,0.0
1983-10-15,0.0
1983-10-16,0.0
1983-10-17,0.0
1983-10-18,0.0
1983-10-19,0.0
1983-10-20,0.0
1983-10-21,0.0
1983-10-22,0.0
1983-10-23,0.0
1983-10-24,0.0
1983-10-25,0.0
1983-10-26,0.0
1983-10-27,0.0
1983-10-28,0.0
1983-10-29,0.0
1983-10-30,0.0
1983-10-31,0.0
1983-11-01,0.0
1983-11-02,0.0
1983-11-03,0.0
1983-11-04,0.0
1983-11-05,0.0
1983-11-06,0.0
1983-11-07,0.0
1983-11-08,0.0
1983-11-09,0.0
1983-11-10,56.16
1983-11-11,56.16
1983-11-12,56.16
1983-11-13,0.0
1983-11-14,0.0
1983-11-15,0.0
1983-11-16,0.0
1983-11-17,0.0
1983-11-18,0.0
1983-11-19,0.0
1983-11-20,0.0
1983-11-21,0.0
1983-11-22,0.0
1983-11-23,0.0
1983-11-24,0.0
1983-11-25,0.0
1983-11-26,0.0
1983-11-27,0.0
1983-11-28,0.0
1983-11-29,0.0
1983-11-30,0.0
1983-12-01,3.6
1983-12-02,3.6
1983-12-03,3.6
1983-12-04,3.6
1983-12-05,3.6
1983-12-06,3.6
1983-12-07,3.6
1983-12-08,3.6
1983-12-09,3.6
1983-12-10,3.6
1983-12-11,3.6
1983-12-12,3.6
1983-12-13,3.6
1983-12-14,3.6
1983-12-15,3.6
1983-12-16,3.6
1983-12-17,3.6
1983-12-18,3.6
1983-12-19,3.6
1983-12-20,3.6
1983-12-21,3.6
1983-12-22,3.6
1983-12-23,3.6
1983-12-24,3.6
1983-12-25,3.6
1983-12-26,3.6
1983-12-27,3.6
1983-12-28,3.6
1983-12-29,3.6
1983-12-30,3.6
1983-12-31,3.6
1984-01-01,1.31
1984-01-02,1.31
1984-01-03,1.31
1984-01-04,1.31
1984-01-05,1.31
1984-01-06,1.31
1984-01-07,1.31
1984-01-08,1.31
1984-01-09,1.31
1984-01-10,1.31
1984-01-11,1.31
1984-01-12,1.31
1984-01-13,1.31
1984-01-14,1.31
1984-01-15,1.31
1984-01-16,1.31
1984-01-17,1.31
1984-01-18,1.31
1984-01-19,1.31
1984-01-20,1.31
1984-01-21,1.31
1984-01-22,1.31
1984-01-23,1.31
1984-01-24,1.31
1984-01-25,1.31
1984-01-26,1.31
1984-01-27,1.31
1984-01-28,1.31
1984-01-29,1.31
1984-01-30,1.31
1984-01-31,1.31
1984-02-01,0.0
1984-02-02,0.0
1984-02-03,0.0
1984-02-04,0.0
1984-02-05,0.0
1984-02-06,0.0
1984-02-07,0.0
1984-02-08,0.0
1984-02-09,0.0
1984-02-10,0.0
1984-02-11,0.0
1984-02-12,0.0
1984-02-13,0.0
1984-02-14,0.0
1984-02-15,0.0
1984-02-16,0.0
1984-02-17,0.0
1984-02-18,0.0
1984-02-19,0.0
1984-02-20,0.0
1984-02-21,0.0
1984-02-22,0.0
1984-02-23,0.0
1984-02-24,0.0
1984-02-25,14.43
1984-02-26,14.43
1984-02-27,14.43
1984-02-28,0.0
1984-02-29,0.0
1984-03-01,0.0
1984-03-02,0.0
1984-03-03,0.0
1984-03-04,0.0
1984-03-05,0.0
1984-03-06,0.0
1984-03-07,0.0
1984-03-08,0.0
1984-03-09,0.0
1984-03-10,0.0
1984-03-11,0.0
1984-03-12,0.0
1984-03-13,0.0
1984-03-14,0.0
1984-03-15,0.0
1984-03-16,0.0
1984-03-17,7.99
1984-03-18,13.59
1984-03-19,21.44
1984-03-20,18.03
1984-03-21,14.55
1984-03-22,13.59
1984-03-23,0.0
1984-03-24,0.0
1984-03-25,0.0
1984-03-26,0.0
1984-03-27,5.27
1984-03-28,10.53
1984-03-29,15.44
1984-03-30,7.21
1984-03-31,0.0
1984-04-01,0.0
1984-04-02,11.42
1984-04-03,14.48
1984-04-04,18.41
1984-04-05,15.28
1984-04-06,7.65
1984-04-07,8.31
1984-04-08,0.0
1984-04-09,0.0
1984-04-10,14.72
1984-04-11,7.74
1984-04-12,14.16
1984-04-13,9.38
1984-04-14,14.98
1984-04-15,9.96
1984-04-16,23.34
1984-04-17,21.66
1984-04-18,12.69
1984-04-19,25.84
1984-04-20,11.42
1984-04-21,3.98
1984-04-22,5.45
1984-04-23,0.0
1984-04-24,0.0
1984-04-25,0.0
1984-04-26,19.68
1984-04-27,21.36
1984-04-28,27.91
1984-04-29,3.98
1984-04-30,3.51
1984-05-01,27.65
1984-05-02,18.03
1984-05-03,30.71
1984-05-04,38.91
1984-05-05,0.0
1984-05-06,0.0
1984-05-07,0.0
1984-05-08,0.0
1984-05-09,0.0
1984-05-10,0.0
1984-05-11,25.58
1984-05-12,8.28
1984-05-13,10.74
1984-05-14,12.37
1984-05-15,10.74
1984-05-16,8.28
1984-05-17,10.74
1984-05-18,9.72
1984-05-19,8.28
1984-05-20,8.28
1984-05-21,24.52
1984-05-22,8.28
1984-05-23,0.0
1984-05-24,0.0
1984-05-25,0.0
1984-05-26,0.0
1984-05-27,21.84
1984-05-28,15.69
1984-05-29,29.09
1984-05-30,51.74
1984-05-31,42.79
1984-06-01,29.74
1984-06-02,57.67
1984-06-03,43.65
1984-06-04,34.25
1984-06-05,25.75
1984-06-06,59.12
1984-06-07,41.32
1984-06-08,24.71
1984-06-09,23.56
1984-06-10,0.0
1984-06-11,0.0
1984-06-12,0.0
1984-06-13,0.0
1984-06-14,20.99
1984-06-15,28.71
1984-06-16,3.96
1984-06-17,0.0
1984-06-18,0.0
1984-06-19,29.04
1984-06-20,22.82
1984-06-21,27.11
1984-06-22,25.91
1984-06-23,32.36
1984-06-24,14.42
1984-06-25,14.42
1984-06-26,6.75
1984-06-27,6.75
1984-06-28,0.0
1984-06-29,0.0
1984-06-30,0.0
1984-07-01,8.29
1984-07-02,35.1
1984-07-03,0.0
1984-07-04,0.0
1984-07-05,0.0
1984-07-06,8.29
1984-07-07,10.86
1984-07-08,8.29
1984-07-09,10.86
1984-07-10,11.77
1984-07-11,12.18
1984-07-12,15.83
1984-07-13,33.95
1984-07-14,42.96
1984-07-15,33.5
1984-07-16,21.13
1984-07-17,21.6
1984-07-18,18.38
1984-07-19,25.17
1984-07-20,25.05
1984-07-21,26.47
1984-07-22,6.41
1984-07-23,27.75
1984-07-24,28.14
1984-07-25,25.05
1984-07-26,32.26
1984-07-27,23.78
1984-07-28,11.77
1984-07-29,24.57
1984-07-30,10.86
1984-07-31,20.1
1984-08-01,25.44
1984-08-02,12.18
1984-08-03,8.58
1984-08-04,26.76
1984-08-05,27.36
1984-08-06,25.44
1984-08-07,29.4
1984-08-08,19.29
1984-08-09,27.5
1984-08-10,26.13
1984-08-11,10.22
1984-08-12,12.18
1984-08-13,15.44
1984-08-14,15.05
1984-08-15,0.0
1984-08-16,0.0
1984-08-17,0.0
1984-08-18,0.0
1984-08-19,0.0
1984-08-20,21.49
1984-08-21,0.0
1984-08-22,0.0
1984-08-23,0.0
1984-08-24,0.0
1984-08-25,0.0
1984-08-26,0.0
1984-08-27,0.0
1984-08-28,0.0
1984-08-29,0.0
1984-08-30,0.0
1984-08-31,0.0
1984-09-01,0.0
1984-09-02,34.32
1984-09-03,34.32
1984-09-04,34.32
1984-09-05,0.0
1984-09-06,34.32
1984-09-07,34.32
1984-09-08,34.32
1984-09-09,34.32
1984-09-10,34.32
1984-09-11,34.32
1984-09-12,34.32
1984-09-13,0.0
1984-09-14,0.0
1984-09-15,0.0
1984-09-16,0.0
1984-09-17,0.0
1984-09-18,34.32
1984-09-19,34.32
1984-09-20,0.0
1984-09-21,34.32
1984-09-22,0.0
1984-09-23,34.32
1984-09-24,34.32
1984-09-25,34.32
1984-09-26,0.0
1984-09-27,0.0
1984-09-28,0.0
1984-09-29,0.0
1984-09-30,0.0
1984-10-01,0.0
1984-10-02,0.0
1984-10-03,0.0
1984-10-04,0.0
1984-10-05,0.0
1984-10-06,52.7
1984-10-07,52.7
1984-10-08,52.7
1984-10-09,52.7
1984-10-10,52.7
1984-10-11,52.7
1984-10-12,52.7
1984-10-13,52.7
1984-10-14,52.7
1984-10-15,52.7
1984-10-16,0.0
1984-10-17,0.0
1984-10-18,0.0
1984-10-19,0.0
1984-10-20,0.0
1984-10-21,52.7
1984-10-22,0.0
1984-10-23,0.0
1984-10-24,0.0
1984-10-25,0.0
1984-10-26,0.0
1984-10-27,0.0
1984-10-28,0.0
1984-10-29,0.0
1984-10-30,0.0
1984-10-31,52.7
1984-11-01,0.0
1984-11-02,0.0
1984-11-03,0.0
1984-11-04,0.0
1984-11-05,0.0
1984-11-06,0.0
1984-11-07,0.0
1984-11-08,0.0
1984-11-09,0.0
1984-11-10,0.0
1984-11-11,0.0
1984-11-12,0.0
1984-11-13,0.0
1984-11-14,0.0
1984-11-15,0.0
1984-11-16,0.0
1984-11-17,0.0
1984-11-18,0.0
1984-11-19,0.0
1984-11-20,0.0
1984-11-21,0.0
1984-11-22,0.0
1984-11-23,0.0
1984-11-24,0.0
1984-11-25,0.0
1984-11-26,0.0
1984-11-27,0.0
1984-11-28,0.0
1984-11-29,56.16
1984-11-30,0.0
1984-12-01,3.6
1984-12-02,3.6
1984-12-03,3.6
1984-12-04,3.6
1984-12-05,3.6
1984-12-06,3.6
1984-12-07,3.6
1984-12-08,3.6
1984-12-09,3.6
1984-12-10,3.6
1984-12-11,3.6
1984-12-12,3.6
1984-12-13,3.6
1984-12-14,3.6
1984-12-15,3.6
1984-12-16,3.6
1984-12-17,3.6
1984-12-18,3.6
1984-12-19,3.6
1984-12-20,3.6
1984-12-21,3.6
1984-12-22,3.6
1984-12-23,3.6
1984-12-24,3.6
1984-12-25,3.6
1984-12-26,3.6
1984-12-27,3.6
1984-12-28,3.6
1984-12-29,3.6
1984-12-30,3.6
1984-12-31,3.6
1985-01-01,1.31
1985-01-02,1.31
1985-01-03,1.31
1985-01-04,1.31
1985-01-05,1.31
1985-01-06,1.31
1985-01-07,1.31
1985-01-08,1.31
1985-01-09,1.31
1985-01-10,1.31
1985-01-11,1.31
1985-01-12,1.31
1985-01-13,1.31
1985-01-14,1.31
1985-01-15,1.31
1985-01-16,1.31
1985-01-17,1.31
1985-01-18,1.31
1985-01-19,1.31
1985-01-20,1.31
1985-01-21,1.31
1985-01-22,1.31
1985-01-23,1.31
1985-01-24,1.31
1985-01-25,1.31
1985-01-26,1.31
1985-01-27,1.31
1985-01-28,1.31
1985-01-29,1.31
1985-01-30,1.31
1985-01-31,1.31
1985-02-01,0.0
1985-02-02,0.0
1985-02-03,0.0
1985-02-04,0.0
1985-02-05,14.43
1985-02-06,0.0
1985-02-07,0.0
1985-02-08,0.0
1985-02-09,14.43
1985-02-10,14.43
1985-02-11,14.43
1985-02-12,14.43
1985-02-13,0.0
1985-02-14,0.0
1985-02-15,0.0
1985-02-16,0.0
1985-02-17,0.0
1985-02-18,0.0
1985-02-19,0.0
1985-02-20,0.0
1985-02-21,0.0
1985-02-22,0.0
1985-02-23,0.0
1985-02-24,0.0
1985-02-25,0.0
1985-02-26,0.0
1985-02-27,14.43
1985-02-28,14.43
1985-03-01,5.59
1985-03-02,10.22
1985-03-03,6.97
1985-03-04,2.93
1985-03-05,8.5
1985-03-06,7.46
1985-03-07,0.0
1985-03-08,2.93
1985-03-09,3.59
1985-03-10,2.57
1985-03-11,0.0
1985-03-12,0.0
1985-03-13,0.0
1985-03-14,0.0
1985-03-15,0.0
1985-03-16,0.0
1985-03-17,0.0
1985-03-18,0.0
1985-03-19,0.0
1985-03-20,0.0
1985-03-21,5.59
1985-03-22,28.68
1985-03-23,9.91
1985-03-24,10.96
1985-03-25,0.0
1985-03-26,0.0
1985-03-27,0.0
1985-03-28,11.92
1985-03-29,22.07
1985-03-30,5.89
1985-03-31,15.71
1985-04-01,0.0
1985-04-02,0.0
1985-04-03,0.0
1985-04-04,0.0
1985-04-05,0.0
1985-04-06,0.0
1985-04-07,0.0
1985-04-08,0.0
1985-04-09,0.0
1985-04-10,12.69
1985-04-11,13.8
1985-04-12,9.96
1985-04-13,0.0
1985-04-14,0.0
1985-04-15,3.98
1985-04-16,18.41
1985-04-17,9.38
1985-04-18,0.0
1985-04-19,0.0
1985-04-20,0.0
1985-04-21,17.14
1985-04-22,0.0
1985-04-23,0.0
1985-04-24,0.0
1985-04-25,0.0
1985-04-26,0.0
1985-04-27,0.0
1985-04-28,3.98
1985-04-29,0.0
1985-04-30,11.31
1985-05-01,29.34
1985-05-02,15.92
1985-05-03,29.97
1985-05-04,8.28
1985-05-05,18.39
1985-05-06,20.42
1985-05-07,0.0
1985-05-08,0.0
1985-05-09,14.62
1985-05-10,29.82
1985-05-11,42.59
1985-05-12,54.24
1985-05-13,29.26
1985-05-14,26.37
1985-05-15,31.72
1985-05-16,41.71
1985-05-17,39.76
1985-05-18,15.45
1985-05-19,28.69
1985-05-20,8.28
1985-05-21,10.74
1985-05-22,26.56
1985-05-23,8.28
1985-05-24,22.64
1985-05-25,45.26
1985-05-26,49.65
1985-05-27,21.58
1985-05-28,20.99
1985-05-29,30.57
1985-05-30,16.8
1985-05-31,9.72
1985-06-01,5.17
1985-06-02,0.0
1985-06-03,0.0
1985-06-04,7.49
1985-06-05,7.49
1985-06-06,3.96
1985-06-07,3.96
1985-06-08,22.23
1985-06-09,0.0
1985-06-10,0.0
1985-06-11,0.0
1985-06-12,0.0
1985-06-13,0.0
1985-06-14,5.17
1985-06-15,8.91
1985-06-16,8.91
1985-06-17,8.48
1985-06-18,10.04
1985-06-19,19.59
1985-06-20,32.79
1985-06-21,21.63
1985-06-22,12.17
1985-06-23,14.02
1985-06-24,31.18
1985-06-25,39.24
1985-06-26,49.79
1985-06-27,29.42
1985-06-28,9.69
1985-06-29,0.0
1985-06-30,0.0
1985-07-01,32.42
1985-07-02,10.86
1985-07-03,8.29
1985-07-04,8.29
1985-07-05,0.0
1985-07-06,0.0
1985-07-07,8.29
1985-07-08,8.29
1985-07-09,0.0
1985-07-10,0.0
1985-07-11,0.0
1985-07-12,0.0
1985-07-13,0.0
1985-07-14,0.0
1985-07-15,10.86
1985-07-16,10.86
1985-07-17,14.05
1985-07-18,18.96
1985-07-19,18.17
1985-07-20,19.75
1985-07-21,13.39
1985-07-22,12.57
1985-07-23,21.13
1985-07-24,19.75
1985-07-25,12.57
1985-07-26,8.29
1985-07-27,10.86
1985-07-28,0.0
1985-07-29,0.0
1985-07-30,6.41
1985-07-31,15.23
1985-08-01,22.07
1985-08-02,16.15
1985-08-03,0.0
1985-08-04,0.0
1985-08-05,0.0
1985-08-06,34.64
1985-08-07,8.58
1985-08-08,0.0
1985-08-09,0.0
1985-08-10,0.0
1985-08-11,25.44
1985-08-12,25.78
1985-08-13,10.22
1985-08-14,14.62
1985-08-15,20.03
1985-08-16,25.78
1985-08-17,23.64
1985-08-18,13.63
1985-08-19,10.22
1985-08-20,0.0
1985-08-21,30.29
1985-08-22,0.0
1985-08-23,0.0
1985-08-24,19.29
1985-08-25,19.29
1985-08-26,20.03
1985-08-27,42.13
1985-08-28,31.11
1985-08-29,21.05
1985-08-30,21.94
1985-08-31,0.0
1985-09-01,0.0
1985-09-02,0.0
1985-09-03,34.32
1985-09-04,34.32
1985-09-05,34.32
1985-09-06,34.32
1985-09-07,0.0
1985-09-08,0.0
1985-09-09,0.0
1985-09-10,0.0
1985-09-11,0.0
1985-09-12,0.0
1985-09-13,0.0
1985-09-14,0.0
1985-09-15,34.32
1985-09-16,0.0
1985-09-17,0.0
1985-09-18,0.0
1985-09-19,0.0
1985-09-20,34.32
1985-09-21,34.32
1985-09-22,0.0
1985-09-23,0.0
1985-09-24,0.0
1985-09-25,0.0
1985-09-26,0.0
1985-09-27,0.0
1985-09-28,0.0
1985-09-29,0.0
1985-09-30,34.32
1985-10-01,52.7
1985-10-02,0.0
1985-10-03,0.0
1985-10-04,0.0
1985-10-05,52.7
1985-10-06,52.7
1985-10-07,52.7
1985-10-08,52.7
1985-10-09,0.0
1985-10-10,0.0
1985-10-11,0.0
1985-10-12,0.0
1985-10-13,0.0
1985-10-14,0.0
1985-10-15,0.0
1985-10-16,0.0
1985-10-17,0.0
1985-10-18,0.0
1985-10-19,52.7
1985-10-20,0.0
1985-10-21,0.0
1985-10-22,0.0
1985-10-23,0.0
1985-10-24,0.0
1985-10-25,0.0
1985-10-26,0.0
1985-10-27,0.0
1985-10-28,0.0
1985-10-29,0.0
1985-10-30,0.0
1985-10-31,0.0
1985-11-01,0.0
1985-11-02,0.0
1985-11-03,0.0
1985-11-04,0.0
1985-11-05,0.0
1985-11-06,0.0
1985-11-07,0.0
1985-11-08,0.0
1985-11-09,0.0
1985-11-10,0.0
1985-11-11,0.0
1985-11-12,0.0
1985-11-13,0.0
1985-11-14,0.0
1985-11-15,0.0
1985-11-16,0.0
1985-11-17,0.0
1985-11-18,0.0
1985-11-19,0.0
1985-11-20,0.0
1985-11-21,0.0
1985-11-22,0.0
1985-11-23,0.0
1985-11-24,56.16
1985-11-25,56.16
1985-11-26,56.16
1985-11-27,56.16
1985-11-28,0.0
1985-11-29,0.0
1985-11-30,0.0
1985-12-01,3.6
1985-12-02,3.6
1985-12-03,3.6
1985-12-04,3.6
1985-12-05,3.6
1985-12-06,3.6
1985-12-07,3.6
1985-12-08,3.6
1985-12-09,3.6
1985-12-10,3.6
1985-12-11,3.6
1985-12-12,3.6
1985-12-13,3.6
1985-12-14,3.6
1985-12-15,3.6
1985-12-16,3.6
1985-12-17,3.6
1985-12-18,3.6
1985-12-19,3.6
1985-12-20,3.6
1985-12-21,3.6
1985-12-22,3.6
1985-12-23,3.6
1985-12-24,3.6
1985-12-25,3.6
1985-12-26,3.6
1985-12-27,3.6
1985-12-28,3.6
1985-12-29,3.6
1985-12-30,3.6
1985-12-31,3.6
1986-01-01,1.31
1986-01-02,1.31
1986-01-03,1.31
1986-01-04,1.31
1986-01-05,1.31
1986-01-06,1.31
1986-01-07,1.31
1986-01-08,1.31
1986-01-09,1.31
1986-01-10,1.31
1986-01-11,1.31
1986-01-12,1.31
1986-01-13,1.31
1986-01-14,1.31
1986-01-15,1.31
1986-01-16,1.31
1986-01-17,1.31
1986-01-18,1.31
1986-01-19,1.31
1986-01-20,1.31
1986-01-21,1.31
1986-01-22,1.31
1986-01-23,1.31
1986-01-24,1.31
1986-01-25,1.31
1986-01-26,1.31
1986-01-27,1.31
1986-01-28,1.31
1986-01-29,1.31
1986-01-30,1.31
1986-01-31,1.31
1986-02-01,0.0
1986-02-02,0.0
1986-02-03,0.0
1986-02-04,0.0
1986-02-05,0.0
1986-02-06,0.0
1986-02-07,0.0
1986-02-08,0.0
1986-02-09,0.0
1986-02-10,0.0
1986-02-11,0.0
1986-02-12,14.43
1986-02-13,14.43
1986-02-14,0.0
1986-02-15,0.0
1986-02-16,0.0
1986-02-17,0.0
1986-02-18,0.0
1986-02-19,0.0
1986-02-20,0.0
1986-02-21,0.0
1986-02-22,0.0
1986-02-23,14.43
1986-02-24,0.0
1986-02-25,0.0
1986-02-26,14.43
1986-02-27,14.43
1986-02-28,14.43
1986-03-01,12.18
1986-03-02,13.13
1986-03-03,17.38
1986-03-04,2.13
1986-03-05,0.0
1986-03-06,0.0
1986-03-07,0.0
1986-03-08,0.0
1986-03-09,0.0
1986-03-10,4.08
1986-03-11,0.0
1986-03-12,0.0
1986-03-13,0.0
1986-03-14,0.0
1986-03-15,0.0
1986-03-16,0.0
1986-03-17,0.0
1986-03-18,4.88
1986-03-19,0.0
1986-03-20,7.68
1986-03-21,8.09
1986-03-22,0.0
1986-03-23,0.0
1986-03-24,0.0
1986-03-25,14.75
1986-03-26,9.24
1986-03-27,12.18
1986-03-28,3.32
1986-03-29,11.45
1986-03-30,6.04
1986-03-31,2.57
1986-04-01,3.51
1986-04-02,0.0
1986-04-03,0.0
1986-04-04,0.0
1986-04-05,8.79
1986-04-06,13.45
1986-04-07,18.41
1986-04-08,36.49
1986-04-09,23.87
1986-04-10,15.74
1986-04-11,7.37
1986-04-12,0.0
1986-04-13,0.0
1986-04-14,17.07
1986-04-15,3.98
1986-04-16,3.98
1986-04-17,8.1
1986-04-18,17.66
1986-04-19,17.14
1986-04-20,12.28
1986-04-21,0.0
1986-04-22,4.83
1986-04-23,4.83
1986-04-24,0.0
1986-04-25,0.0
1986-04-26,2.18
1986-04-27,6.97
1986-04-28,0.0
1986-04-29,9.38
1986-04-30,0.0
1986-05-01,22.1
1986-05-02,29.97
1986-05-03,40.04
1986-05-04,35.47
1986-05-05,6.46
1986-05-06,5.04
1986-05-07,15.92
1986-05-08,0.0
1986-05-09,0.0
1986-05-10,38.62
1986-05-11,55.49
1986-05-12,27.3
1986-05-13,0.0
1986-05-14,10.74
1986-05-15,37.21
1986-05-16,8.28
1986-05-17,10.74
1986-05-18,12.37
1986-05-19,8.28
1986-05-20,10.74
1986-05-21,8.28
1986-05-22,0.0
1986-05-23,0.0
1986-05-24,0.0
1986-05-25,0.0
1986-05-26,6.46
1986-05-27,9.72
1986-05-28,18.21
1986-05-29,15.45
1986-05-30,15.45
1986-05-31,14.62
1986-06-01,12.66
1986-06-02,6.75
1986-06-03,6.75
1986-06-04,6.75
1986-06-05,0.0
1986-06-06,0.0
1986-06-07,0.0
1986-06-08,6.75
1986-06-09,23.56
1986-06-10,33.94
1986-06-11,0.0
1986-06-12,0.0
1986-06-13,13.61
1986-06-14,0.0
1986-06-15,20.77
1986-06-16,6.75
1986-06-17,8.91
1986-06-18,15.2
1986-06-19,49.07
1986-06-20,68.33
1986-06-21,66.78
1986-06-22,51.66
1986-06-23,43.38
1986-06-24,44.59
1986-06-25,51.91
1986-06-26,34.09
1986-06-27,15.72
1986-06-28,17.49
1986-06-29,30.23
1986-06-30,30.71
1986-07-01,25.89
1986-07-02,0.0
1986-07-03,0.0
1986-07-04,39.07
1986-07-05,11.77
1986-07-06,11.77
1986-07-07,13.04
1986-07-08,15.23
1986-07-09,14.05
1986-07-10,8.29
1986-07-11,27.75
1986-07-12,18.77
1986-07-13,17.27
1986-07-14,25.89
1986-07-15,11.33
1986-07-16,7.45
1986-07-17,4.95
1986-07-18,0.0
1986-07-19,0.0
1986-07-20,0.0
1986-07-21,0.0
1986-07-22,0.0
1986-07-23,0.0
1986-07-24,0.0
1986-07-25,0.0
1986-07-26,0.0
1986-07-27,0.0
1986-07-28,8.29
1986-07-29,10.35
1986-07-30,9.79
1986-07-31,7.45
1986-08-01,12.18
1986-08-02,17.41
1986-08-03,18.39
1986-08-04,23.42
1986-08-05,25.25
1986-08-06,21.94
1986-08-07,20.03
1986-08-08,20.03
1986-08-09,14.15
1986-08-10,16.15
1986-08-11,16.55
1986-08-12,30.29
1986-08-13,0.0
1986-08-14,26.44
1986-08-15,0.0
1986-08-16,17.14
1986-08-17,20.74
1986-08-18,25.07
1986-08-19,0.0
1986-08-20,12.18
1986-08-21,10.22
1986-08-22,14.62
1986-08-23,32.83
1986-08-24,21.66
1986-08-25,21.8
1986-08-26,28.05
1986-08-27,0.0
1986-08-28,0.0
1986-08-29,0.0
1986-08-30,0.0
1986-08-31,0.0
1986-09-01,0.0
1986-09-02,0.0
1986-09-03,0.0
1986-09-04,0.0
1986-09-05,0.0
1986-09-06,0.0
1986-09-07,34.32
1986-09-08,0.0
1986-09-09,0.0
1986-09-10,34.32
1986-09-11,34.32
1986-09-12,34.32
1986-09-13,34.32
1986-09-14,34.32
1986-09-15,34.32
1986-09-16,0.0
1986-09-17,0.0
1986-09-18,0.0
1986-09-19,0.0
1986-09-20,0.0
1986-09-21,0.0
1986-09-22,0.0
1986-09-23,34.32
1986-09-24,34.32
1986-09-25,0.0
1986-09-26,0.0
1986-09-27,0.0
1986-09-28,0.0
1986-09-29,34.32
1986-09-30,0.0
1986-10-01,0.0
1986-10-02,0.0
1986-10-03,0.0
1986-10-04,0.0
1986-10-05,52.7
1986-10-06,52.7
1986-10-07,0.0
1986-10-08,0.0
1986-10-09,0.0
1986-10-10,0.0
1986-10-11,0.0
1986-10-12,0.0
1986-10-13,0.0
1986-10-14,0.0
1986-10-15,0.0
1986-10-16,52.7
1986-10-17,52.7
1986-10-18,0.0
1986-10-19,0.0
1986-10-20,0.0
1986-10-21,0.0
1986-10-22,0.0
1986-10-23,0.0
1986-10-24,52.7
1986-10-25,0.0
1986-10-26,0.0
1986-10-27,0.0
1986-10-28,0.0
1986-10-29,0.0
1986-10-30,0.0
1986-10-31,0.0
1986-11-01,0.0
1986-11-02,0.0
1986-11-03,0.0
1986-11-04,0.0
1986-11-05,0.0
1986-11-06,56.16
1986-11-07,0.0
1986-11-08,0.0
1986-11-09,0.0
1986-11-10,0.0
1986-11-11,0.0
1986-11-12,0.0
1986-11-13,0.0
1986-11-14,0.0
1986-11-15,0.0
1986-11-16,0.0
1986-11-17,0.0
1986-11-18,0.0
1986-11-19,0.0
1986-11-20,0.0
1986-11-21,0.0
1986-11-22,0.0
1986-11-23,0.0
1986-11-24,0.0
1986-11-25,0.0
1986-11-26,0.0
1986-11-27,0.0
1986-11-28,0.0
1986-11-29,0.0
1986-11-30,0.0
1986-12-01,3.6
1986-12-02,3.6
1986-12-03,3.6
1986-12-04,3.6
1986-12-05,3.6
1986-12-06,3.6
1986-12-07,3.6
1986-12-08,3.6
1986-12-09,3.6
1986-12-10,3.6
1986-12-11,3.6
1986-12-12,3.6
1986-12-13,3.6
1986-12-14,3.6
1986-12-15,3.6
1986-12-16,3.6
1986-12-17,3.6
1986-12-18,3.6
1986-12-19,3.6
1986-12-20,3.6
1986-12-21,3.6
1986-12-22,3.6
1986-12-23,3.6
1986-12-24,3.6
1986-12-25,3.6
1986-12-26,3.6
1986-12-27,3.6
1986-12-28,3.6
1986-12-29,3.6
1986-12-30,3.6
1986-12-31,3.6
1987-01-01,1.31
1987-01-02,1.31
1987-01-03,1.31
1987-01-04,1.31
1987-01-05,1.31
1987-01-06,1.31
1987-01-07,1.31
1987-01-08,1.31
1987-01-09,1.31
1987-01-10,1.31
1987-01-11,1.31
1987-01-12,1.31
1987-01-13,1.31
1987-01-14,1.31
1987-01-15,1.31
1987-01-16,1.31
1987-01-17,1.31
1987-01-18,1.31
1987-01-19,1.31
1987-01-20,1.31
1987-01-21,1.31
1987-01-22,1.31
1987-01-23,1.31
1987-01-24,1.31
1987-01-25,1.31
1987-01-26,1.31
1987-01-27,1.31
1987-01-28,1.31
1987-01-29,1.31
1987-01-30,1.31
1987-01-31,1.31
1987-02-01,0.0
1987-02-02,0.0
1987-02-03,0.0
1987-02-04,0.0
1987-02-05,0.0
1987-02-06,0.0
1987-02-07,0.0
1987-02-08,0.0
1987-02-09,0.0
1987-02-10,0.0
1987-02-11,0.0
1987-02-12,0.0
1987-02-13,14.43
1987-02-14,14.43
1987-02-15,14.43
1987-02-16,0.0
1987-02-17,14.43
1987-02-18,14.43
1987-02-19,14.43
1987-02-20,14.43
1987-02-21,14.43
1987-02-22,14.43
1987-02-23,14.43
1987-02-24,14.43
1987-02-25,0.0
1987-02-26,0.0
1987-02-27,0.0
1987-02-28,14.43
1987-03-01,10.07
1987-03-02,9.24
1987-03-03,6.73
1987-03-04,6.73
1987-03-05,4.08
1987-03-06,4.88
1987-03-07,19.68
1987-03-08,18.8
1987-03-09,7.46
1987-03-10,9.24
1987-03-11,11.98
1987-03-12,10.07
1987-03-13,9.91
1987-03-14,16.56
1987-03-15,12.79
1987-03-16,4.5
1987-03-17,4.19
1987-03-18,0.0
1987-03-19,0.0
1987-03-20,0.0
1987-03-21,5.27
1987-03-22,6.61
1987-03-23,2.13
1987-03-24,0.0
1987-03-25,0.0
1987-03-26,0.0
1987-03-27,0.0
1987-03-28,0.0
1987-03-29,0.0
1987-03-30,0.0
1987-03-31,0.0
1987-04-01,9.69
1987-04-02,9.38
1987-04-03,14.32
1987-04-04,11.42
1987-04-05,3.98
1987-04-06,0.0
1987-04-07,13.25
1987-04-08,0.0
1987-04-09,0.0
1987-04-10,0.0
1987-04-11,0.0
1987-04-12,0.0
1987-04-13,0.0
1987-04-14,0.0
1987-04-15,0.0
1987-04-16,0.0
1987-04-17,13.07
1987-04-18,11.2
1987-04-19,19.41
1987-04-20,17.41
1987-04-21,10.97
1987-04-22,22.52
1987-04-23,28.88
1987-04-24,46.45
1987-04-25,31.06
1987-04-26,40.44
1987-04-27,23.52
1987-04-28,0.0
1987-04-29,0.0
1987-04-30,0.0
1987-05-01,0.0
1987-05-02,0.0
1987-05-03,0.0
1987-05-04,0.0
1987-05-05,0.0
1987-05-06,0.0
1987-05-07,0.0
1987-05-08,0.0
1987-05-09,0.0
1987-05-10,0.0
1987-05-11,0.0
1987-05-12,0.0
1987-05-13,0.0
1987-05-14,0.0
1987-05-15,0.0
1987-05-16,24.94
1987-05-17,39.8
1987-05-18,13.14
1987-05-19,12.37
1987-05-20,0.0
1987-05-21,0.0
1987-05-22,7.47
1987-05-23,26.92
1987-05-24,50.47
1987-05-25,0.0
1987-05-26,6.46
1987-05-27,0.0
1987-05-28,5.04
1987-05-29,6.46
1987-05-30,9.72
1987-05-31,13.77
1987-06-01,17.17
1987-06-02,10.38
1987-06-03,10.78
1987-06-04,7.49
1987-06-05,8.01
1987-06-06,31.92
1987-06-07,23.65
1987-06-08,0.0
1987-06-09,6.04
1987-06-10,11.91
1987-06-11,25.27
1987-06-12,8.91
1987-06-13,8.01
1987-06-14,6.75
1987-06-15,12.17
1987-06-16,13.17
1987-06-17,52.12
1987-06-18,60.1
1987-06-19,32.91
1987-06-20,25.6
1987-06-21,9.69
1987-06-22,3.96
1987-06-23,5.17
1987-06-24,0.0
1987-06-25,0.0
1987-06-26,6.75
1987-06-27,11.64
1987-06-28,8.48
1987-06-29,3.96
1987-06-30,0.0
1987-07-01,0.0
1987-07-02,0.0
1987-07-03,0.0
1987-07-04,0.0
1987-07-05,8.29
1987-07-06,14.05
1987-07-07,10.86
1987-07-08,0.0
1987-07-09,9.79
1987-07-10,33.95
1987-07-11,56.83
1987-07-12,85.2
1987-07-13,40.36
1987-07-14,22.94
1987-07-15,14.66
1987-07-16,14.05
1987-07-17,8.29
1987-07-18,18.96
1987-07-19,0.0
1987-07-20,0.0
1987-07-21,0.0
1987-07-22,23.52
1987-07-23,31.95
1987-07-24,33.19
1987-07-25,17.97
1987-07-26,0.0
1987-07-27,11.33
1987-07-28,18.77
1987-07-29,23.22
1987-07-30,22.38
1987-07-31,29.42
1987-08-01,14.62
1987-08-02,0.0
1987-08-03,0.0
1987-08-04,0.0
1987-08-05,25.36
1987-08-06,0.0
1987-08-07,15.44
1987-08-08,18.16
1987-08-09,29.4
1987-08-10,26.91
1987-08-11,24.29
1987-08-12,22.2
1987-08-13,28.43
1987-08-14,18.39
1987-08-15,14.62
1987-08-16,0.0
1987-08-17,0.0
1987-08-18,0.0
1987-08-19,12.18
1987-08-20,28.43
1987-08-21,18.39
1987-08-22,12.18
1987-08-23,0.0
1987-08-24,0.0
1987-08-25,0.0
1987-08-26,0.0
1987-08-27,13.04
1987-08-28,12.18
1987-08-29,8.58
1987-08-30,10.22
1987-08-31,10.22
1987-09-01,0.0
1987-09-02,0.0
1987-09-03,0.0
1987-09-04,0.0
1987-09-05,0.0
1987-09-06,0.0
1987-09-07,34.32
1987-09-08,34.32
1987-09-09,0.0
1987-09-10,0.0
1987-09-11,0.0
1987-09-12,0.0
1987-09-13,0.0
1987-09-14,0.0
1987-09-15,0.0
1987-09-16,0.0
1987-09-17,34.32
1987-09-18,0.0
1987-09-19,0.0
1987-09-20,0.0
1987-09-21,0.0
1987-09-22,0.0
1987-09-23,0.0
1987-09-24,0.0
1987-09-25,0.0
1987-09-26,34.32
1987-09-27,34.32
1987-09-28,0.0
1987-09-29,34.32
1987-09-30,0.0
1987-10-01,52.7
1987-10-02,52.7
1987-10-03,0.0
1987-10-04,0.0
1987-10-05,52.7
1987-10-06,52.7
1987-10-07,0.0
1987-10-08,0.0
1987-10-09,0.0
1987-10-10,0.0
1987-10-11,0.0
1987-10-12,0.0
1987-10-13,0.0
1987-10-14,0.0
1987-10-15,0.0
1987-10-16,0.0
1987-10-17,52.7
1987-10-18,52.7
1987-10-19,0.0
1987-10-20,0.0
1987-10-21,0.0
1987-10-22,0.0
1987-10-23,0.0
1987-10-24,0.0
1987-10-25,0.0
1987-10-26,0.0
1987-10-27,0.0
1987-10-28,0.0
1987-10-29,0.0
1987-10-30,0.0
1987-10-31,0.0
1987-11-01,0.0
1987-11-02,0.0
1987-11-03,0.0
1987-11-04,0.0
1987-11-05,0.0
1987-11-06,0.0
1987-11-07,0.0
1987-11-08,56.16
1987-11-09,0.0
1987-11-10,0.0
1987-11-11,0.0
1987-11-12,0.0
1987-11-13,0.0
1987-11-14,0.0
1987-11-15,0.0
1987-11-16,0.0
1987-11-17,0.0
1987-11-18,0.0
1987-11-19,0.0
1987-11-20,0.0
1987-11-21,0.0
1987-11-22,0.0
1987-11-23,0.0
1987-11-24,0.0
1987-11-25,56.16
1987-11-26,56.16
1987-11-27,0.0
1987-11-28,0.0
1987-11-29,0.0
1987-11-30,0.0
1987-12-01,3.6
1987-12-02,3.6
1987-12-03,3.6
1987-12-04,3.6
1987-12-05,3.6
1987-12-06,3.6
1987-12-07,3.6
1987-12-08,3.6
1987-12-09,3.6
1987-12-10,3.6
1987-12-11,3.6
1987-12-12,3.6
1987-12-13,3.6
1987-12-14,3.6
1987-12-15,3.6
1987-12-16,3.6
1987-12-17,3.6
1987-12-18,3.6
1987-12-19,3.6
1987-12-20,3.6
1987-12-21,3.6
1987-12-22,3.6
1987-12-23,3.6
1987-12-24,3.6
1987-12-25,3.6
1987-12-26,3.6
1987-12-27,3.6
1987-12-28,3.6
1987-12-29,3.6
1987-12-30,3.6
1987-12-31,3.6
1988-01-01,1.31
1988-01-02,1.31
1988-01-03,1.31
1988-01-04,1.31
1988-01-05,1.31
1988-01-06,1.31
1988-01-07,1.31
1988-01-08,1.31
1988-01-09,1.31
1988-01-10,1.31
1988-01-11,1.31
1988-01-12,1.31
1988-01-13,1.31
1988-01-14,1.31
1988-01-15,1.31
1988-01-16,1.31
1988-01-17,1.31
1988-01-18,1.31
1988-01-19,1.31
1988-01-20,1.31
1988-01-21,1.31
1988-01-22,1.31
1988-01-23,1.31
1988-01-24,1.31
1988-01-25,1.31
1988-01-26,1.31
1988-01-27,1.31
1988-01-28,1.31
1988-01-29,1.31
1988-01-30,1.31
1988-01-31,1.31
1988-02-01,0.0
1988-02-02,0.0
1988-02-03,0.0
1988-02-04,0.0
1988-02-05,0.0
1988-02-06,0.0
1988-02-07,0.0
1988-02-08,0.0
1988-02-09,0.0
1988-02-10,0.0
1988-02-11,0.0
1988-02-12,0.0
1988-02-13,0.0
1988-02-14,0.0
1988-02-15,0.0
1988-02-16,14.43
1988-02-17,14.43
1988-02-18,0.0
1988-02-19,0.0
1988-02-20,0.0
1988-02-21,0.0
1988-02-22,0.0
1988-02-23,0.0
1988-02-24,14.43
1988-02-25,0.0
1988-02-26,0.0
1988-02-27,0.0
1988-02-28,0.0
1988-02-29,0.0
1988-03-01,0.0
1988-03-02,0.0
1988-03-03,0.0
1988-03-04,0.0
1988-03-05,0.0
1988-03-06,1.56
1988-03-07,10.53
1988-03-08,4.88
1988-03-09,0.0
1988-03-10,0.0
1988-03-11,0.0
1988-03-12,0.0
1988-03-13,0.0
1988-03-14,0.0
1988-03-15,0.0
1988-03-16,0.0
1988-03-17,0.0
1988-03-18,0.0
1988-03-19,0.0
1988-03-20,0.0
1988-03-21,0.0
1988-03-22,2.93
1988-03-23,0.0
1988-03-24,0.0
1988-03-25,0.0
1988-03-26,0.0
1988-03-27,0.0
1988-03-28,0.0
1988-03-29,0.0
1988-03-30,17.71
1988-03-31,16.88
1988-04-01,40.26
1988-04-02,43.77
1988-04-03,35.99
1988-04-04,11.66
1988-04-05,10.15
1988-04-06,3.98
1988-04-07,19.41
1988-04-08,25.68
1988-04-09,34.83
1988-04-10,34.91
1988-04-11,23.91
1988-04-12,11.87
1988-04-13,15.88
1988-04-14,0.0
1988-04-15,0.0
1988-04-16,0.0
1988-04-17,0.0
1988-04-18,0.0
1988-04-19,0.0
1988-04-20,0.0
1988-04-21,8.1
1988-04-22,10.74
1988-04-23,9.96
1988-04-24,0.0
1988-04-25,0.0
1988-04-26,0.0
1988-04-27,6.47
1988-04-28,0.0
1988-04-29,0.0
1988-04-30,0.0
1988-05-01,0.0
1988-05-02,0.0
1988-05-03,0.0
1988-05-04,0.0
1988-05-05,0.0
1988-05-06,20.71
1988-05-07,21.84
1988-05-08,0.0
1988-05-09,0.0
1988-05-10,20.42
1988-05-11,0.0
1988-05-12,0.0
1988-05-13,0.0
1988-05-14,0.0
1988-05-15,19.77
1988-05-16,33.31
1988-05-17,19.77
1988-05-18,9.72
1988-05-19,6.46
1988-05-20,0.0
1988-05-21,0.0
1988-05-22,0.0
1988-05-23,6.46
1988-05-24,9.13
1988-05-25,18.03
1988-05-26,16.59
1988-05-27,21.44
1988-05-28,50.74
1988-05-29,37.31
1988-05-30,34.77
1988-05-31,50.62
1988-06-01,29.42
1988-06-02,12.17
1988-06-03,0.0
1988-06-04,5.17
1988-06-05,5.17
1988-06-06,0.0
1988-06-07,5.17
1988-06-08,6.75
1988-06-09,0.0
1988-06-10,0.0
1988-06-11,0.0
1988-06-12,0.0
1988-06-13,3.96
1988-06-14,3.96
1988-06-15,6.75
1988-06-16,8.01
1988-06-17,11.08
1988-06-18,10.38
1988-06-19,8.91
1988-06-20,0.0
1988-06-21,6.75
1988-06-22,13.17
1988-06-23,9.32
1988-06-24,10.78
1988-06-25,8.01
1988-06-26,5.17
1988-06-27,5.17
1988-06-28,10.38
1988-06-29,11.08
1988-06-30,12.66
1988-07-01,34.88
1988-07-02,26.9
1988-07-03,26.47
1988-07-04,25.55
1988-07-05,33.04
1988-07-06,39.81
1988-07-07,40.9
1988-07-08,37.19
1988-07-09,32.26
1988-07-10,27.11
1988-07-11,53.95
1988-07-12,79.9
1988-07-13,60.34
1988-07-14,17.65
1988-07-15,11.77
1988-07-16,0.0
1988-07-17,4.95
1988-07-18,13.39
1988-07-19,15.83
1988-07-20,15.83
1988-07-21,14.05
1988-07-22,14.05
1988-07-23,10.35
1988-07-24,4.95
1988-07-25,0.0
1988-07-26,24.04
1988-07-27,36.56
1988-07-28,16.33
1988-07-29,22.8
1988-07-30,21.29
1988-07-31,24.16
1988-08-01,35.13
1988-08-02,24.39
1988-08-03,24.7
1988-08-04,18.39
1988-08-05,16.15
1988-08-06,14.62
1988-08-07,10.22
1988-08-08,12.18
1988-08-09,12.18
1988-08-10,13.04
1988-08-11,19.29
1988-08-12,21.94
1988-08-13,25.07
1988-08-14,30.41
1988-08-15,28.69
1988-08-16,26.44
1988-08-17,19.67
1988-08-18,29.4
1988-08-19,35.16
1988-08-20,43.53
1988-08-21,42.81
1988-08-22,29.29
1988-08-23,19.29
1988-08-24,14.62
1988-08-25,13.63
1988-08-26,13.63
1988-08-27,15.44
1988-08-28,16.15
1988-08-29,28.3
1988-08-30,29.86
1988-08-31,20.03
1988-09-01,34.32
1988-09-02,0.0
1988-09-03,0.0
1988-09-04,34.32
1988-09-05,0.0
1988-09-06,0.0
1988-09-07,0.0
1988-09-08,0.0
1988-09-09,0.0
1988-09-10,0.0
1988-09-11,0.0
1988-09-12,0.0
1988-09-13,34.32
1988-09-14,34.32
1988-09-15,34.32
1988-09-16,0.0
1988-09-17,34.32
1988-09-18,0.0
1988-09-19,34.32
1988-09-20,34.32
1988-09-21,34.32
1988-09-22,34.32
1988-09-23,0.0
1988-09-24,0.0
1988-09-25,0.0
1988-09-26,34.32
1988-09-27,0.0
1988-09-28,0.0
1988-09-29,0.0
1988-09-30,0.0
1988-10-01,0.0
1988-10-02,0.0
1988-10-03,0.0
1988-10-04,0.0
1988-10-05,0.0
1988-10-06,0.0
1988-10-07,0.0
1988-10-08,0.0
1988-10-09,0.0
1988-10-10,0.0
1988-10-11,0.0
1988-10-12,52.7
1988-10-13,52.7
1988-10-14,52.7
1988-10-15,0.0
1988-10-16,0.0
1988-10-17,0.0
1988-10-18,52.7
1988-10-19,52.7
1988-10-20,52.7
1988-10-21,52.7
1988-10-22,52.7
1988-10-23,0.0
1988-10-24,0.0
1988-10-25,0.0
1988-10-26,0.0
1988-10-27,0.0
1988-10-28,0.0
1988-10-29,0.0
1988-10-30,0.0
1988-10-31,0.0
1988-11-01,0.0
1988-11-02,0.0
1988-11-03,0.0
1988-11-04,0.0
1988-11-05,0.0
1988-11-06,0.0
1988-11-07,0.0
1988-11-08,0.0
1988-11-09,0.0
1988-11-10,0.0
1988-11-11,0.0
1988-11-12,0.0
1988-11-13,0.0
1988-11-14,0.0
1988-11-15,0.0
1988-11-16,0.0
1988-11-17,0.0
1988-11-18,0.0
1988-11-19,0.0
1988-11-20,0.0
1988-11-21,0.0
1988-11-22,0.0
1988-11-23,0.0
1988-11-24,0.0
1988-11-25,0.0
1988-11-26,0.0
1988-11-27,0.0
1988-11-28,0.0
1988-11-29,0.0
1988-11-30,0.0
1988-12-01,3.6
1988-12-02,3.6
1988-12-03,3.6
1988-12-04,3.6
1988-12-05,3.6
1988-12-06,3.6
1988-12-07,3.6
1988-12-08,3.6
1988-12-09,3.6
1988-12-10,3.6
1988-12-11,3.6
1988-12-12,3.6
1988-12-13,3.6
1988-12-14,3.6
1988-12-15,3.6
1988-12-16,3.6
1988-12-17,3.6
1988-12-18,3.6
1988-12-19,3.6
1988-12-20,3.6
1988-12-21,3.6
1988-12-22,3.6
1988-12-23,3.6
1988-12-24,3.6
1988-12-25,3.6
1988-12-26,3.6
1988-12-27,3.6
1988-12-28,3.6
1988-12-29,3.6
1988-12-30,3.6
1988-12-31,3.6
1989-01-01,1.31
1989-01-02,1.31
1989-01-03,1.31
1989-01-04,1.31
1989-01-05,1.31
1989-01-06,1.31
1989-01-07,1.31
1989-01-08,1.31
1989-01-09,1.31
1989-01-10,1.31
1989-01-11,1.31
1989-01-12,1.31
1989-01-13,1.31
1989-01-14,1.31
1989-01-15,1.31
1989-01-16,1.31
1989-01-17,1.31
1989-01-18,1.31
1989-01-19,1.31
1989-01-20,1.31
1989-01-21,1.31
1989-01-22,1.31
1989-01-23,1.31
1989-01-24,1.31
1989-01-25,1.31
1989-01-26,1.31
1989-01-27,1.31
1989-01-28,1.31
1989-01-29,1.31
1989-01-30,1.31
1989-01-31,1.31
1989-02-01,0.0
1989-02-02,0.0
1989-02-03,0.0
1989-02-04,0.0
1989-02-05,0.0
1989-02-06,0.0
1989-02-07,0.0
1989-02-08,0.0
1989-02-09,0.0
1989-02-10,0.0
1989-02-11,0.0
1989-02-12,0.0
1989-02-13,0.0
1989-02-14,0.0
1989-02-15,0.0
1989-02-16,0.0
1989-02-17,0.0
1989-02-18,14.43
1989-02-19,0.0
1989-02-20,0.0
1989-02-21,0.0
1989-02-22,0.0
1989-02-23,0.0
1989-02-24,0.0
1989-02-25,0.0
1989-02-26,0.0
1989-02-27,0.0
1989-02-28,0.0
1989-03-01,0.0
1989-03-02,0.0
1989-03-03,5.75
1989-03-04,0.0
1989-03-05,9.41
1989-03-06,27.3
1989-03-07,19.37
1989-03-08,0.0
1989-03-09,0.0
1989-03-10,0.0
1989-03-11,0.0
1989-03-12,0.0
1989-03-13,0.0
1989-03-14,0.0
1989-03-15,0.0
1989-03-16,2.93
1989-03-17,20.17
1989-03-18,26.46
1989-03-19,18.38
1989-03-20,0.0
1989-03-21,4.08
1989-03-22,0.0
1989-03-23,0.0
1989-03-24,0.0
1989-03-25,0.0
1989-03-26,0.0
1989-03-27,0.0
1989-03-28,17.05
1989-03-29,2.93
1989-03-30,2.93
1989-03-31,0.0
1989-04-01,0.0
1989-04-02,0.0
1989-04-03,0.0
1989-04-04,0.0
1989-04-05,0.0
1989-04-06,8.1
1989-04-07,13.07
1989-04-08,22.24
1989-04-09,15.13
1989-04-10,9.38
1989-04-11,5.45
1989-04-12,5.45
1989-04-13,0.0
1989-04-14,5.45
1989-04-15,0.0
1989-04-16,0.0
1989-04-17,10.46
1989-04-18,7.37
1989-04-19,0.0
1989-04-20,0.0
1989-04-21,0.0
1989-04-22,0.0
1989-04-23,0.0
1989-04-24,15.28
1989-04-25,12.23
1989-04-26,0.0
1989-04-27,0.0
1989-04-28,18.65
1989-04-29,0.0
1989-04-30,0.0
1989-05-01,0.0
1989-05-02,0.0
1989-05-03,0.0
1989-05-04,0.0
1989-05-05,0.0
1989-05-06,0.0
1989-05-07,0.0
1989-05-08,0.0
1989-05-09,0.0
1989-05-10,0.0
1989-05-11,0.0
1989-05-12,0.0
1989-05-13,0.0
1989-05-14,10.74
1989-05-15,0.0
1989-05-16,8.28
1989-05-17,28.18
1989-05-18,56.2
1989-05-19,60.66
1989-05-20,39.25
1989-05-21,14.88
1989-05-22,42.67
1989-05-23,16.04
1989-05-24,17.16
1989-05-25,37.26
1989-05-26,15.92
1989-05-27,12.0
1989-05-28,6.46
1989-05-29,0.0
1989-05-30,0.0
1989-05-31,8.28
1989-06-01,6.75
1989-06-02,6.75
1989-06-03,19.35
1989-06-04,18.86
1989-06-05,10.38
1989-06-06,10.38
1989-06-07,13.61
1989-06-08,15.89
1989-06-09,16.87
1989-06-10,10.78
1989-06-11,6.75
1989-06-12,8.91
1989-06-13,6.75
1989-06-14,0.0
1989-06-15,0.0
1989-06-16,5.17
1989-06-17,9.69
1989-06-18,8.01
1989-06-19,10.38
1989-06-20,18.44
1989-06-21,18.98
1989-06-22,18.98
1989-06-23,16.25
1989-06-24,11.08
1989-06-25,14.02
1989-06-26,22.44
1989-06-27,22.03
1989-06-28,26.83
1989-06-29,14.02
1989-06-30,6.75
1989-07-01,9.79
1989-07-02,8.29
1989-07-03,8.29
1989-07-04,0.0
1989-07-05,0.0
1989-07-06,0.0
1989-07-07,4.95
1989-07-08,8.29
1989-07-09,11.77
1989-07-10,8.29
1989-07-11,17.49
1989-07-12,30.41
1989-07-13,26.23
1989-07-14,36.95
1989-07-15,23.22
1989-07-16,29.69
1989-07-17,40.14
1989-07-18,55.45
1989-07-19,65.89
1989-07-20,63.93
1989-07-21,55.71
1989-07-22,54.81
1989-07-23,45.4
1989-07-24,50.92
1989-07-25,43.92
1989-07-26,14.05
1989-07-27,0.0
1989-07-28,0.0
1989-07-29,0.0
1989-07-30,0.0
1989-07-31,28.55
1989-08-01,16.15
1989-08-02,8.58
1989-08-03,0.0
1989-08-04,11.33
1989-08-05,12.18
1989-08-06,25.16
1989-08-07,25.7
1989-08-08,26.52
1989-08-09,32.57
1989-08-10,23.2
1989-08-11,18.16
1989-08-12,16.55
1989-08-13,8.58
1989-08-14,0.0
1989-08-15,0.0
1989-08-16,12.18
1989-08-17,0.0
1989-08-18,0.0
1989-08-19,0.0
1989-08-20,29.75
1989-08-21,0.0
1989-08-22,16.55
1989-08-23,18.16
1989-08-24,13.04
1989-08-25,10.22
1989-08-26,20.74
1989-08-27,0.0
1989-08-28,0.0
1989-08-29,30.66
1989-08-30,0.0
1989-08-31,0.0
1989-09-01,0.0
1989-09-02,0.0
1989-09-03,34.32
1989-09-04,0.0
1989-09-05,34.32
1989-09-06,34.32
1989-09-07,0.0
1989-09-08,0.0
1989-09-09,0.0
1989-09-10,34.32
1989-09-11,34.32
1989-09-12,0.0
1989-09-13,0.0
1989-09-14,0.0
1989-09-15,34.32
1989-09-16,34.32
1989-09-17,34.32
1989-09-18,0.0
1989-09-19,34.32
1989-09-20,0.0
1989-09-21,0.0
1989-09-22,0.0
1989-09-23,0.0
1989-09-24,0.0
1989-09-25,0.0
1989-09-26,0.0
1989-09-27,34.32
1989-09-28,34.32
1989-09-29,0.0
1989-09-30,34.32
1989-10-01,0.0
1989-10-02,0.0
1989-10-03,0.0
1989-10-04,0.0
1989-10-05,0.0
1989-10-06,0.0
1989-10-07,0.0
1989-10-08,0.0
1989-10-09,0.0
1989-10-10,0.0
1989-10-11,0.0
1989-10-12,0.0
1989-10-13,0.0
1989-10-14,0.0
1989-10-15,52.7
1989-10-16,52.7
1989-10-17,52.7
1989-10-18,52.7
1989-10-19,52.7
1989-10-20,52.7
1989-10-21,52.7
1989-10-22,52.7
1989-10-23,52.7
1989-10-24,0.0
1989-10-25,0.0
1989-10-26,0.0
1989-10-27,0.0
1989-10-28,0.0
1989-10-29,52.7
1989-10-30,0.0
1989-10-31,0.0
1989-11-01,0.0
1989-11-02,0.0
1989-11-03,0.0
1989-11-04,0.0
1989-11-05,0.0
1989-11-06,0.0
1989-11-07,0.0
1989-11-08,0.0
1989-11-09,0.0
1989-11-10,0.0
1989-11-11,0.0
1989-11-12,0.0
1989-11-13,0.0
1989-11-14,0.0
1989-11-15,0.0
1989-11-16,0.0
1989-11-17,0.0
1989-11-18,0.0
1989-11-19,0.0
1989-11-20,0.0
1989-11-21,0.0
1989-11-22,0.0
1989-11-23,0.0
1989-11-24,0.0
1989-11-25,0.0
1989-11-26,0.0
1989-11-27,0.0
1989-11-28,0.0
1989-11-29,0.0
1989-11-30,0.0
1989-12-01,3.6
1989-12-02,3.6
1989-12-03,3.6
1989-12-04,3.6
1989-12-05,3.6
1989-12-06,3.6
1989-12-07,3.6
1989-12-08,3.6
1989-12-09,3.6
1989-12-10,3.6
1989-12-11,3.6
1989-12-12,3.6
1989-12-13,3.6
1989-12-14,3.6
1989-12-15,3.6
1989-12-16,3.6
1989-12-17,3.6
1989-12-18,3.6
1989-12-19,3.6
1989-12-20,3.6
1989-12-21,3.6
1989-12-22,3.6
1989-12-23,3.6
1989-12-24,3.6
1989-12-25,3.6
1989-12-26,3.6
1989-12-27,3.6
1989-12-28,3.6
1989-12-29,3.6
1989-12-30,3.6
1989-12-31,3.6
1990-01-01,1.31
1990-01-02,1.31
1990-01-03,1.31
1990-01-04,1.31
1990-01-05,1.31
1990-01-06,1.31
1990-01-07,1.31
1990-01-08,1.31
1990-01-09,1.31
1990-01-10,1.31
1990-01-11,1.31
1990-01-12,1.31
1990-01-13,1.31
1990-01-14,1.31
1990-01-15,1.31
1990-01-16,1.31
1990-01-17,1.31
1990-01-18,1.31
1990-01-19,1.31
1990-01-20,1.31
1990-01-21,1.31
1990-01-22,1.31
1990-01-23,1.31
1990-01-24,1.31
1990-01-25,1.31
1990-01-26,1.31
1990-01-27,1.31
1990-01-28,1.31
1990-01-29,1.31
1990-01-30,1.31
1990-01-31,1.31
1990-02-01,0.0
1990-02-02,0.0
1990-02-03,0.0
1990-02-04,0.0
1990-02-05,0.0
1990-02-06,0.0
1990-02-07,0.0
1990-02-08,0.0
1990-02-09,0.0
1990-02-10,0.0
1990-02-11,0.0
1990-02-12,0.0
1990-02-13,0.0
1990-02-14,0.0
1990-02-15,0.0
1990-02-16,0.0
1990-02-17,0.0
1990-02-18,14.43
1990-02-19,0.0
1990-02-20,0.0
1990-02-21,14.43
1990-02-22,0.0
1990-02-23,0.0
1990-02-24,0.0
1990-02-25,14.43
1990-02-26,14.43
1990-02-27,0.0
1990-02-28,0.0
1990-03-01,0.0
1990-03-02,0.0
1990-03-03,0.0
1990-03-04,0.0
1990-03-05,0.0
1990-03-06,6.97
1990-03-07,2.57
1990-03-08,1.13
1990-03-09,4.7
1990-03-10,6.48
1990-03-11,1.56
1990-03-12,0.0
1990-03-13,0.0
1990-03-14,0.0
1990-03-15,8.87
1990-03-16,0.0
1990-03-17,2.93
1990-03-18,0.0
1990-03-19,0.0
1990-03-20,0.0
1990-03-21,0.0
1990-03-22,0.0
1990-03-23,0.0
1990-03-24,0.0
1990-03-25,0.0
1990-03-26,0.0
1990-03-27,0.0
1990-03-28,0.0
1990-03-29,0.0
1990-03-30,0.0
1990-03-31,0.0
1990-04-01,12.69
1990-04-02,26.14
1990-04-03,13.07
1990-04-04,25.68
1990-04-05,17.66
1990-04-06,0.0
1990-04-07,12.28
1990-04-08,19.8
1990-04-09,12.69
1990-04-10,10.46
1990-04-11,0.0
1990-04-12,0.0
1990-04-13,0.0
1990-04-14,0.0
1990-04-15,0.0
1990-04-16,0.0
1990-04-17,0.0
1990-04-18,31.66
1990-04-19,21.47
1990-04-20,10.46
1990-04-21,23.87
1990-04-22,33.39
1990-04-23,32.94
1990-04-24,32.94
1990-04-25,22.24
1990-04-26,0.0
1990-04-27,0.0
1990-04-28,8.1
1990-04-29,20.29
1990-04-30,24.71
1990-05-01,32.26
1990-05-02,30.86
1990-05-03,24.52
1990-05-04,22.1
1990-05-05,0.0
1990-05-06,0.0
1990-05-07,0.0
1990-05-08,0.0
1990-05-09,0.0
1990-05-10,0.0
1990-05-11,0.0
1990-05-12,0.0
1990-05-13,0.0
1990-05-14,0.0
1990-05-15,10.74
1990-05-16,10.74
1990-05-17,0.0
1990-05-18,0.0
1990-05-19,0.0
1990-05-20,0.0
1990-05-21,30.86
1990-05-22,0.0
1990-05-23,0.0
1990-05-24,0.0
1990-05-25,0.0
1990-05-26,0.0
1990-05-27,7.47
1990-05-28,9.13
1990-05-29,14.34
1990-05-30,6.46
1990-05-31,0.0
1990-06-01,9.32
1990-06-02,24.19
1990-06-03,32.69
1990-06-04,34.97
1990-06-05,0.0
1990-06-06,0.0
1990-06-07,0.0
1990-06-08,0.0
1990-06-09,0.0
1990-06-10,25.6
1990-06-11,52.78
1990-06-12,58.06
1990-06-13,47.45
1990-06-14,40.8
1990-06-15,23.39
1990-06-16,25.91
1990-06-17,23.91
1990-06-18,16.25
1990-06-19,17.17
1990-06-20,18.31
1990-06-21,8.91
1990-06-22,6.75
1990-06-23,6.75
1990-06-24,6.75
1990-06-25,6.75
1990-06-26,15.89
1990-06-27,8.91
1990-06-28,6.75
1990-06-29,12.66
1990-06-30,24.95
1990-07-01,29.14
1990-07-02,41.7
1990-07-03,47.14
1990-07-04,19.39
1990-07-05,14.66
1990-07-06,0.0
1990-07-07,0.0
1990-07-08,0.0
1990-07-09,0.0
1990-07-10,18.17
1990-07-11,10.86
1990-07-12,14.05
1990-07-13,10.86
1990-07-14,8.29
1990-07-15,11.77
1990-07-16,9.79
1990-07-17,6.41
1990-07-18,6.41
1990-07-19,9.79
1990-07-20,6.41
1990-07-21,6.41
1990-07-22,12.18
1990-07-23,13.04
1990-07-24,12.18
1990-07-25,12.57
1990-07-26,6.41
1990-07-27,0.0
1990-07-28,0.0
1990-07-29,0.0
1990-07-30,0.0
1990-07-31,0.0
1990-08-01,0.0
1990-08-02,0.0
1990-08-03,0.0
1990-08-04,0.0
1990-08-05,0.0
1990-08-06,0.0
1990-08-07,0.0
1990-08-08,42.52
1990-08-09,27.77
1990-08-10,0.0
1990-08-11,30.71
1990-08-12,8.58
1990-08-13,0.0
1990-08-14,0.0
1990-08-15,0.0
1990-08-16,0.0
1990-08-17,0.0
1990-08-18,0.0
1990-08-19,0.0
1990-08-20,35.47
1990-08-21,24.7
1990-08-22,38.31
1990-08-23,18.88
1990-08-24,11.33
1990-08-25,12.18
1990-08-26,31.16
1990-08-27,20.03
1990-08-28,15.44
1990-08-29,16.55
1990-08-30,0.0
1990-08-31,0.0
1990-09-01,0.0
1990-09-02,34.32
1990-09-03,34.32
1990-09-04,34.32
1990-09-05,34.32
1990-09-06,0.0
1990-09-07,0.0
1990-09-08,0.0
1990-09-09,0.0
1990-09-10,0.0
1990-09-11,0.0
1990-09-12,0.0
1990-09-13,0.0
1990-09-14,0.0
1990-09-15,0.0
1990-09-16,0.0
1990-09-17,0.0
1990-09-18,0.0
1990-09-19,34.32
1990-09-20,34.32
1990-09-21,34.32
1990-09-22,34.32
1990-09-23,0.0
1990-09-24,0.0
1990-09-25,0.0
1990-09-26,0.0
1990-09-27,0.0
1990-09-28,0.0
1990-09-29,0.0
1990-09-30,0.0
1990-10-01,0.0
1990-10-02,0.0
1990-10-03,0.0
1990-10-04,0.0
1990-10-05,0.0
1990-10-06,0.0
1990-10-07,0.0
1990-10-08,0.0
1990-10-09,0.0
1990-10-10,52.7
1990-10-11,0.0
1990-10-12,0.0
1990-10-13,52.7
1990-10-14,0.0
1990-10-15,52.7
1990-10-16,52.7
1990-10-17,52.7
1990-10-18,0.0
1990-10-19,0.0
1990-10-20,0.0
1990-10-21,0.0
1990-10-22,0.0
1990-10-23,52.7
1990-10-24,52.7
1990-10-25,0.0
1990-10-26,52.7
1990-10-27,52.7
1990-10-28,52.7
1990-10-29,0.0
1990-10-30,0.0
1990-10-31,0.0
1990-11-01,0.0
1990-11-02,0.0
1990-11-03,0.0
1990-11-04,0.0
1990-11-05,0.0
1990-11-06,0.0
1990-11-07,0.0
1990-11-08,0.0
1990-11-09,0.0
1990-11-10,0.0
1990-11-11,0.0
1990-11-12,0.0
1990-11-13,0.0
1990-11-14,0.0
1990-11-15,0.0
1990-11-16,0.0
1990-11-17,0.0
1990-11-18,0.0
1990-11-19,0.0
1990-11-20,0.0
1990-11-21,0.0
1990-11-22,0.0
1990-11-23,56.16
1990-11-24,0.0
1990-11-25,0.0
1990-11-26,0.0
1990-11-27,0.0
1990-11-28,0.0
1990-11-29,0.0
1990-11-30,0.0
1990-12-01,3.6
1990-12-02,3.6
1990-12-03,3.6
1990-12-04,3.6
1990-12-05,3.6
1990-12-06,3.6
1990-12-07,3.6
1990-12-08,3.6
1990-12-09,3.6
1990-12-10,3.6
1990-12-11,3.6
1990-12-12,3.6
1990-12-13,3.6
1990-12-14,3.6
1990-12-15,3.6
1990-12-16,3.6
1990-12-17,3.6
1990-12-18,3.6
1990-12-19,3.6
1990-12-20,3.6
1990-12-21,3.6
1990-12-22,3.6
1990-12-23,3.6
1990-12-24,3.6
1990-12-25,3.6
1990-12-26,3.6
1990-12-27,3.6
1990-12-28,3.6
1990-12-29,3.6
1990-12-30,3.6
1990-12-31,3.6
1991-01-01,1.31
1991-01-02,1.31
1991-01-03,1.31
1991-01-04,1.31
1991-01-05,1.31
1991-01-06,1.31
1991-01-07,1.31
1991-01-08,1.31
1991-01-09,1.31
1991-01-10,1.31
1991-01-11,1.31
1991-01-12,1.31
1991-01-13,1.31
1991-01-14,1.31
1991-01-15,1.31
1991-01-16,1.31
1991-01-17,1.31
1991-01-18,1.31
1991-01-19,1.31
1991-01-20,1.31
1991-01-21,1.31
1991-01-22,1.31
1991-01-23,1.31
1991-01-24,1.31
1991-01-25,1.31
1991-01-26,1.31
1991-01-27,1.31
1991-01-28,1.31
1991-01-29,1.31
1991-01-30,1.31
1991-01-31,1.31
1991-02-01,0.0
1991-02-02,0.0
1991-02-03,0.0
1991-02-04,0.0
1991-02-05,0.0
1991-02-06,0.0
1991-02-07,0.0
1991-02-08,0.0
1991-02-09,0.0
1991-02-10,0.0
1991-02-11,0.0
1991-02-12,0.0
1991-02-13,0.0
1991-02-14,0.0
1991-02-15,0.0
1991-02-16,0.0
1991-02-17,0.0
1991-02-18,0.0
1991-02-19,0.0
1991-02-20,0.0
1991-02-21,14.43
1991-02-22,14.43
1991-02-23,0.0
1991-02-24,14.43
1991-02-25,0.0
1991-02-26,14.43
1991-02-27,14.43
1991-02-28,0.0
1991-03-01,0.0
1991-03-02,0.0
1991-03-03,0.0
1991-03-04,0.0
1991-03-05,0.0
1991-03-06,4.88
1991-03-07,0.0
1991-03-08,0.0
1991-03-09,4.88
1991-03-10,8.5
1991-03-11,2.93
1991-03-12,20.78
1991-03-13,17.91
1991-03-14,7.32
1991-03-15,16.7
1991-03-16,18.03
1991-03-17,21.05
1991-03-18,16.04
1991-03-19,12.68
1991-03-20,6.85
1991-03-21,10.53
1991-03-22,16.88
1991-03-23,13.26
1991-03-24,11.45
1991-03-25,12.73
1991-03-26,10.57
1991-03-27,0.0
1991-03-28,0.0
1991-03-29,7.57
1991-03-30,10.75
1991-03-31,9.65
1991-04-01,14.32
1991-04-02,11.31
1991-04-03,9.16
1991-04-04,18.59
1991-04-05,24.3
1991-04-06,27.04
1991-04-07,24.49
1991-04-08,6.24
1991-04-09,33.56
1991-04-10,39.57
1991-04-11,17.28
1991-04-12,18.65
1991-04-13,21.27
1991-04-14,12.08
1991-04-15,18.3
1991-04-16,17.8
1991-04-17,27.41
1991-04-18,18.89
1991-04-19,0.0
1991-04-20,3.98
1991-04-21,19.35
1991-04-22,15.13
1991-04-23,0.0
1991-04-24,0.0
1991-04-25,0.0
1991-04-26,0.0
1991-04-27,0.0
1991-04-28,0.0
1991-04-29,10.46
1991-04-30,0.0
1991-05-01,0.0
1991-05-02,0.0
1991-05-03,13.77
1991-05-04,14.88
1991-05-05,0.0
1991-05-06,0.0
1991-05-07,0.0
1991-05-08,0.0
1991-05-09,0.0
1991-05-10,20.42
1991-05-11,28.01
1991-05-12,36.57
1991-05-13,38.43
1991-05-14,38.03
1991-05-15,37.82
1991-05-16,8.28
1991-05-17,10.74
1991-05-18,10.74
1991-05-19,9.72
1991-05-20,13.77
1991-05-21,26.18
1991-05-22,15.92
1991-05-23,15.92
1991-05-24,17.65
1991-05-25,17.65
1991-05-26,18.39
1991-05-27,10.74
1991-05-28,10.74
1991-05-29,12.37
1991-05-30,14.34
1991-05-31,10.74
1991-06-01,0.0
1991-06-02,0.0
1991-06-03,3.96
1991-06-04,29.86
1991-06-05,39.24
1991-06-06,49.95
1991-06-07,46.37
1991-06-08,30.52
1991-06-09,41.98
1991-06-10,66.85
1991-06-11,34.04
1991-06-12,19.85
1991-06-13,21.63
1991-06-14,17.77
1991-06-15,35.03
1991-06-16,65.45
1991-06-17,70.08
1991-06-18,78.01
1991-06-19,49.4
1991-06-20,34.39
1991-06-21,32.15
1991-06-22,39.87
1991-06-23,41.65
1991-06-24,40.49
1991-06-25,26.52
1991-06-26,25.91
1991-06-27,26.52
1991-06-28,24.27
1991-06-29,24.36
1991-06-30,28.23
1991-07-01,28.14
1991-07-02,29.14
1991-07-03,28.46
1991-07-04,32.97
1991-07-05,36.16
1991-07-06,43.15
1991-07-07,44.67
1991-07-08,41.23
1991-07-09,21.13
1991-07-10,20.1
1991-07-11,8.29
1991-07-12,13.39
1991-07-13,10.86
1991-07-14,18.96
1991-07-15,20.44
1991-07-16,28.74
1991-07-17,30.77
1991-07-18,30.24
1991-07-19,41.59
1991-07-20,27.11
1991-07-21,33.65
1991-07-22,24.45
1991-07-23,27.55
1991-07-24,33.36
1991-07-25,28.36
1991-07-26,33.79
1991-07-27,37.25
1991-07-28,32.11
1991-07-29,0.0
1991-07-30,30.15
1991-07-31,32.82
1991-08-01,31.36
1991-08-02,27.57
1991-08-03,17.41
1991-08-04,0.0
1991-08-05,0.0
1991-08-06,12.18
1991-08-07,0.0
1991-08-08,0.0
1991-08-09,0.0
1991-08-10,14.62
1991-08-11,32.31
1991-08-12,28.3
1991-08-13,12.18
1991-08-14,33.32
1991-08-15,0.0
1991-08-16,0.0
1991-08-17,0.0
1991-08-18,0.0
1991-08-19,26.76
1991-08-20,26.44
1991-08-21,24.19
1991-08-22,23.42
1991-08-23,23.42
1991-08-24,33.71
1991-08-25,28.63
1991-08-26,21.94
1991-08-27,18.16
1991-08-28,17.92
1991-08-29,20.2
1991-08-30,20.41
1991-08-31,0.0
1991-09-01,0.0
1991-09-02,0.0
1991-09-03,0.0
1991-09-04,0.0
1991-09-05,0.0
1991-09-06,0.0
1991-09-07,0.0
1991-09-08,0.0
1991-09-09,0.0
1991-09-10,0.0
1991-09-11,34.32
1991-09-12,0.0
1991-09-13,0.0
1991-09-14,0.0
1991-09-15,0.0
1991-09-16,34.32
1991-09-17,34.32
1991-09-18,34.32
1991-09-19,34.32
1991-09-20,0.0
1991-09-21,0.0
1991-09-22,0.0
1991-09-23,0.0
1991-09-24,0.0
1991-09-25,0.0
1991-09-26,0.0
1991-09-27,0.0
1991-09-28,0.0
1991-09-29,0.0
1991-09-30,34.32
1991-10-01,52.7
1991-10-02,52.7
1991-10-03,52.7
1991-10-04,52.7
1991-10-05,0.0
1991-10-06,0.0
1991-10-07,0.0
1991-10-08,52.7
1991-10-09,52.7
1991-10-10,0.0
1991-10-11,0.0
1991-10-12,0.0
1991-10-13,52.7
1991-10-14,52.7
1991-10-15,52.7
1991-10-16,52.7
1991-10-17,0.0
1991-10-18,0.0
1991-10-19,0.0
1991-10-20,0.0
1991-10-21,0.0
1991-10-22,0.0
1991-10-23,0.0
1991-10-24,0.0
1991-10-25,0.0
1991-10-26,0.0
1991-10-27,0.0
1991-10-28,0.0
1991-10-29,0.0
1991-10-30,0.0
1991-10-31,0.0
1991-11-01,0.0
1991-11-02,0.0
1991-11-03,0.0
1991-11-04,0.0
1991-11-05,0.0
1991-11-06,0.0
1991-11-07,56.16
1991-11-08,56.16
1991-11-09,56.16
1991-11-10,0.0
1991-11-11,0.0
1991-11-12,0.0
1991-11-13,0.0
1991-11-14,0.0
1991-11-15,0.0
1991-11-16,0.0
1991-11-17,0.0
1991-11-18,0.0
1991-11-19,0.0
1991-11-20,0.0
1991-11-21,0.0
1991-11-22,0.0
1991-11-23,0.0
1991-11-24,0.0
1991-11-25,0.0
1991-11-26,0.0
1991-11-27,0.0
1991-11-28,0.0
1991-11-29,0.0
1991-11-30,0.0
1991-12-01,3.6
1991-12-02,3.6
1991-12-03,3.6
1991-12-04,3.6
1991-12-05,3.6
1991-12-06,3.6
1991-12-07,3.6
1991-12-08,3.6
1991-12-09,3.6
1991-12-10,3.6
1991-12-11,3.6
1991-12-12,3.6
1991-12-13,3.6
1991-12-14,3.6
1991-12-15,3.6
1991-12-16,3.6
1991-12-17,3.6
1991-12-18,3.6
1991-12-19,3.6
1991-12-20,3.6
1991-12-21,3.6
1991-12-22,3.6
1991-12-23,3.6
1991-12-24,3.6
1991-12-25,3.6
1991-12-26,3.6
1991-12-27,3.6
1991-12-28,3.6
1991-12-29,3.6
1991-12-30,3.6
1991-12-31,3.6
1992-01-01,1.31
1992-01-02,1.31
1992-01-03,1.31
1992-01-04,1.31
1992-01-05,1.31
1992-01-06,1.31
1992-01-07,1.31
1992-01-08,1.31
1992-01-09,1.31
1992-01-10,1.31
1992-01-11,1.31
1992-01-12,1.31
1992-01-13,1.31
1992-01-14,1.31
1992-01-15,1.31
1992-01-16,1.31
1992-01-17,1.31
1992-01-18,1.31
1992-01-19,1.31
1992-01-20,1.31
1992-01-21,1.31
1992-01-22,1.31
1992-01-23,1.31
1992-01-24,1.31
1992-01-25,1.31
1992-01-26,1.31
1992-01-27,1.31
1992-01-28,1.31
1992-01-29,1.31
1992-01-30,1.31
1992-01-31,1.31
1992-02-01,0.0
1992-02-02,0.0
1992-02-03,0.0
1992-02-04,0.0
1992-02-05,0.0
1992-02-06,0.0
1992-02-07,14.43
1992-02-08,0.0
1992-02-09,0.0
1992-02-10,14.43
1992-02-11,14.43
1992-02-12,14.43
1992-02-13,14.43
1992-02-14,14.43
1992-02-15,14.43
1992-02-16,14.43
1992-02-17,0.0
1992-02-18,0.0
1992-02-19,0.0
1992-02-20,0.0
1992-02-21,14.43
1992-02-22,0.0
1992-02-23,0.0
1992-02-24,0.0
1992-02-25,14.43
1992-02-26,14.43
1992-02-27,14.43
1992-02-28,14.43
1992-02-29,0.0
1992-03-01,0.0
1992-03-02,0.0
1992-03-03,0.0
1992-03-04,0.0
1992-03-05,0.0
1992-03-06,0.0
1992-03-07,0.0
1992-03-08,4.08
1992-03-09,4.08
1992-03-10,0.0
1992-03-11,0.0
1992-03-12,0.0
1992-03-13,0.0
1992-03-14,0.0
1992-03-15,11.38
1992-03-16,8.09
1992-03-17,8.5
1992-03-18,6.73
1992-03-19,8.5
1992-03-20,22.44
1992-03-21,6.73
1992-03-22,10.22
1992-03-23,23.62
1992-03-24,16.54
1992-03-25,8.87
1992-03-26,5.59
1992-03-27,3.59
1992-03-28,2.13
1992-03-29,7.21
1992-03-30,4.08
1992-03-31,4.08
1992-04-01,0.0
1992-04-02,10.97
1992-04-03,15.45
1992-04-04,19.91
1992-04-05,10.97
1992-04-06,0.0
1992-04-07,0.0
1992-04-08,0.0
1992-04-09,0.0
1992-04-10,0.0
1992-04-11,6.47
1992-04-12,37.8
1992-04-13,56.92
1992-04-14,27.04
1992-04-15,0.0
1992-04-16,0.0
1992-04-17,0.0
1992-04-18,0.0
1992-04-19,9.96
1992-04-20,13.07
1992-04-21,13.45
1992-04-22,23.34
1992-04-23,27.48
1992-04-24,23.34
1992-04-25,18.16
1992-04-26,15.13
1992-04-27,11.87
1992-04-28,27.91
1992-04-29,29.01
1992-04-30,0.0
1992-05-01,0.0
1992-05-02,0.0
1992-05-03,24.52
1992-05-04,13.77
1992-05-05,35.69
1992-05-06,10.74
1992-05-07,20.12
1992-05-08,29.82
1992-05-09,39.0
1992-05-10,22.88
1992-05-11,0.0
1992-05-12,0.0
1992-05-13,0.0
1992-05-14,0.0
1992-05-15,0.0
1992-05-16,0.0
1992-05-17,24.06
1992-05-18,0.0
1992-05-19,8.28
1992-05-20,10.74
1992-05-21,33.11
1992-05-22,52.83
1992-05-23,65.11
1992-05-24,62.36
1992-05-25,64.43
1992-05-26,42.71
1992-05-27,30.57
1992-05-28,31.72
1992-05-29,31.99
1992-05-30,29.97
1992-05-31,10.74
1992-06-01,17.77
1992-06-02,11.64
1992-06-03,8.01
1992-06-04,17.49
1992-06-05,0.0
1992-06-06,0.0
1992-06-07,12.41
1992-06-08,15.2
1992-06-09,11.64
1992-06-10,8.91
1992-06-11,15.2
1992-06-12,15.89
1992-06-13,24.6
1992-06-14,47.45
1992-06-15,46.97
1992-06-16,33.84
1992-06-17,15.89
1992-06-18,17.77
1992-06-19,15.2
1992-06-20,34.44
1992-06-21,21.2
1992-06-22,24.27
1992-06-23,48.27
1992-06-24,67.66
1992-06-25,57.45
1992-06-26,42.79
1992-06-27,60.28
1992-06-28,71.34
1992-06-29,64.48
1992-06-30,58.88
1992-07-01,66.88
1992-07-02,57.77
1992-07-03,35.1
1992-07-04,36.68
1992-07-05,32.11
1992-07-06,22.38
1992-07-07,24.57
1992-07-08,15.23
1992-07-09,18.96
1992-07-10,43.15
1992-07-11,46.97
1992-07-12,30.06
1992-07-13,28.93
1992-07-14,24.04
1992-07-15,22.94
1992-07-16,22.94
1992-07-17,19.57
1992-07-18,13.72
1992-07-19,8.29
1992-07-20,0.0
1992-07-21,0.0
1992-07-22,0.0
1992-07-23,0.0
1992-07-24,6.41
1992-07-25,11.33
1992-07-26,10.86
1992-07-27,8.29
1992-07-28,12.57
1992-07-29,15.23
1992-07-30,10.86
1992-07-31,10.86
1992-08-01,16.15
1992-08-02,12.18
1992-08-03,0.0
1992-08-04,0.0
1992-08-05,0.0
1992-08-06,0.0
1992-08-07,0.0
1992-08-08,0.0
1992-08-09,0.0
1992-08-10,0.0
1992-08-11,19.29
1992-08-12,12.18
1992-08-13,0.0
1992-08-14,0.0
1992-08-15,0.0
1992-08-16,0.0
1992-08-17,0.0
1992-08-18,0.0
1992-08-19,26.84
1992-08-20,0.0
1992-08-21,0.0
1992-08-22,0.0
1992-08-23,0.0
1992-08-24,15.05
1992-08-25,14.62
1992-08-26,10.22
1992-08-27,0.0
1992-08-28,0.0
1992-08-29,0.0
1992-08-30,0.0
1992-08-31,0.0
1992-09-01,0.0
1992-09-02,0.0
1992-09-03,0.0
1992-09-04,0.0
1992-09-05,0.0
1992-09-06,34.32
1992-09-07,34.32
1992-09-08,34.32
1992-09-09,34.32
1992-09-10,34.32
1992-09-11,34.32
1992-09-12,34.32
1992-09-13,34.32
1992-09-14,34.32
1992-09-15,34.32
1992-09-16,34.32
1992-09-17,34.32
1992-09-18,34.32
1992-09-19,34.32
1992-09-20,0.0
1992-09-21,0.0
1992-09-22,0.0
1992-09-23,0.0
1992-09-24,0.0
1992-09-25,0.0
1992-09-26,0.0
1992-09-27,0.0
1992-09-28,0.0
1992-09-29,0.0
1992-09-30,0.0
1992-10-01,0.0
1992-10-02,0.0
1992-10-03,0.0
1992-10-04,0.0
1992-10-05,0.0
1992-10-06,0.0
1992-10-07,0.0
1992-10-08,52.7
1992-10-09,52.7
1992-10-10,0.0
1992-10-11,0.0
1992-10-12,0.0
1992-10-13,0.0
1992-10-14,0.0
1992-10-15,0.0
1992-10-16,0.0
1992-10-17,0.0
1992-10-18,0.0
1992-10-19,0.0
1992-10-20,0.0
1992-10-21,0.0
1992-10-22,0.0
1992-10-23,0.0
1992-10-24,0.0
1992-10-25,0.0
1992-10-26,0.0
1992-10-27,0.0
1992-10-28,0.0
1992-10-29,0.0
1992-10-30,0.0
1992-10-31,0.0
1992-11-01,0.0
1992-11-02,0.0
1992-11-03,0.0
1992-11-04,56.16
1992-11-05,56.16
1992-11-06,0.0
1992-11-07,0.0
1992-11-08,0.0
1992-11-09,0.0
1992-11-10,0.0
1992-11-11,0.0
1992-11-12,0.0
1992-11-13,0.0
1992-11-14,0.0
1992-11-15,0.0
1992-11-16,0.0
1992-11-17,0.0
1992-11-18,0.0
1992-11-19,0.0
1992-11-20,0.0
1992-11-21,56.16
1992-11-22,0.0
1992-11-23,0.0
1992-11-24,0.0
1992-11-25,0.0
1992-11-26,0.0
1992-11-27,0.0
1992-11-28,0.0
1992-11-29,0.0
1992-11-30,0.0
1992-12-01,3.6
1992-12-02,3.6
1992-12-03,3.6
1992-12-04,3.6
1992-12-05,3.6
1992-12-06,3.6
1992-12-07,3.6
1992-12-08,3.6
1992-12-09,3.6
1992-12-10,3.6
1992-12-11,3.6
1992-12-12,3.6
1992-12-13,3.6
1992-12-14,3.6
1992-12-15,3.6
1992-12-16,3.6
1992-12-17,3.6
1992-12-18,3.6
1992-12-19,3.6
1992-12-20,3.6
1992-12-21,3.6
1992-12-22,3.6
1992-12-23,3.6
1992-12-24,3.6
1992-12-25,3.6
1992-12-26,3.6
1992-12-27,3.6
1992-12-28,3.6
1992-12-29,3.6
1992-12-30,3.6
1992-12-31,3.6
1993-01-01,1.31
1993-01-02,1.31
1993-01-03,1.31
1993-01-04,1.31
1993-01-05,1.31
1993-01-06,1.31
1993-01-07,1.31
1993-01-08,1.31
1993-01-09,1.31
1993-01-10,1.31
1993-01-11,1.31
1993-01-12,1.31
1993-01-13,1.31
1993-01-14,1.31
1993-01-15,1.31
1993-01-16,1.31
1993-01-17,1.31
1993-01-18,1.31
1993-01-19,1.31
1993-01-20,1.31
1993-01-21,1.31
1993-01-22,1.31
1993-01-23,1.31
1993-01-24,1.31
1993-01-25,1.31
1993-01-26,1.31
1993-01-27,1.31
1993-01-28,1.31
1993-01-29,1.31
1993-01-30,1.31
1993-01-31,1.31
1993-02-01,0.0
1993-02-02,0.0
1993-02-03,0.0
1993-02-04,14.43
1993-02-05,14.43
1993-02-06,0.0
1993-02-07,0.0
1993-02-08,14.43
1993-02-09,14.43
1993-02-10,0.0
1993-02-11,0.0
1993-02-12,0.0
1993-02-13,0.0
1993-02-14,0.0
1993-02-15,14.43
1993-02-16,14.43
1993-02-17,14.43
1993-02-18,0.0
1993-02-19,0.0
1993-02-20,14.43
1993-02-21,0.0
1993-02-22,0.0
1993-02-23,0.0
1993-02-24,14.43
1993-02-25,14.43
1993-02-26,14.43
1993-02-27,0.0
1993-02-28,0.0
1993-03-01,17.71
1993-03-02,27.58
1993-03-03,11.92
1993-03-04,7.21
1993-03-05,9.57
1993-03-06,9.91
1993-03-07,9.57
1993-03-08,2.93
1993-03-09,0.0
1993-03-10,0.0
1993-03-11,2.93
1993-03-12,4.88
1993-03-13,8.09
1993-03-14,9.57
1993-03-15,8.09
1993-03-16,6.97
1993-03-17,9.83
1993-03-18,10.22
1993-03-19,10.14
1993-03-20,10.14
1993-03-21,26.41
1993-03-22,15.24
1993-03-23,18.18
1993-03-24,15.62
1993-03-25,23.85
1993-03-26,21.88
1993-03-27,14.24
1993-03-28,14.85
1993-03-29,8.5
1993-03-30,15.24
1993-03-31,22.44
1993-04-01,17.92
1993-04-02,7.37
1993-04-03,0.0
1993-04-04,0.0
1993-04-05,0.0
1993-04-06,0.0
1993-04-07,0.0
1993-04-08,6.47
1993-04-09,11.87
1993-04-10,8.79
1993-04-11,13.07
1993-04-12,12.69
1993-04-13,7.37
1993-04-14,10.97
1993-04-15,16.88
1993-04-16,37.33
1993-04-17,42.94
1993-04-18,21.85
1993-04-19,32.94
1993-04-20,24.55
1993-04-21,23.34
1993-04-22,14.16
1993-04-23,30.18
1993-04-24,21.07
1993-04-25,5.45
1993-04-26,21.66
1993-04-27,28.74
1993-04-28,20.54
1993-04-29,15.59
1993-04-30,0.0
1993-05-01,0.0
1993-05-02,13.77
1993-05-03,0.0
1993-05-04,14.88
1993-05-05,0.0
1993-05-06,0.0
1993-05-07,0.0
1993-05-08,0.0
1993-05-09,0.0
1993-05-10,16.37
1993-05-11,19.77
1993-05-12,35.01
1993-05-13,36.57
1993-05-14,54.97
1993-05-15,53.91
1993-05-16,50.62
1993-05-17,45.91
1993-05-18,49.96
1993-05-19,58.83
1993-05-20,51.97
1993-05-21,21.58
1993-05-22,53.08
1993-05-23,49.4
1993-05-24,44.59
1993-05-25,33.05
1993-05-26,14.88
1993-05-27,8.28
1993-05-28,0.0
1993-05-29,0.0
1993-05-30,0.0
1993-05-31,0.0
1993-06-01,0.0
1993-06-02,17.49
1993-06-03,6.75
1993-06-04,12.66
1993-06-05,12.66
1993-06-06,8.01
1993-06-07,8.01
1993-06-08,5.17
1993-06-09,0.0
1993-06-10,11.36
1993-06-11,20.99
1993-06-12,0.0
1993-06-13,0.0
1993-06-14,0.0
1993-06-15,0.0
1993-06-16,0.0
1993-06-17,0.0
1993-06-18,0.0
1993-06-19,0.0
1993-06-20,0.0
1993-06-21,0.0
1993-06-22,0.0
1993-06-23,8.91
1993-06-24,10.38
1993-06-25,6.75
1993-06-26,0.0
1993-06-27,0.0
1993-06-28,0.0
1993-06-29,8.01
1993-06-30,6.75
1993-07-01,0.0
1993-07-02,0.0
1993-07-03,0.0
1993-07-04,0.0
1993-07-05,0.0
1993-07-06,0.0
1993-07-07,0.0
1993-07-08,0.0
1993-07-09,8.29
1993-07-10,6.41
1993-07-11,50.78
1993-07-12,32.11
1993-07-13,33.95
1993-07-14,26.9
1993-07-15,0.0
1993-07-16,0.0
1993-07-17,0.0
1993-07-18,0.0
1993-07-19,20.44
1993-07-20,19.92
1993-07-21,32.19
1993-07-22,32.89
1993-07-23,21.13
1993-07-24,32.42
1993-07-25,49.1
1993-07-26,75.22
1993-07-27,94.9
1993-07-28,63.22
1993-07-29,47.81
1993-07-30,23.52
1993-07-31,15.23
1993-08-01,27.9
1993-08-02,12.18
1993-08-03,0.0
1993-08-04,0.0
1993-08-05,20.74
1993-08-06,0.0
1993-08-07,0.0
1993-08-08,24.48
1993-08-09,21.05
1993-08-10,10.22
1993-08-11,10.22
1993-08-12,13.04
1993-08-13,15.81
1993-08-14,14.15
1993-08-15,10.22
1993-08-16,0.0
1993-08-17,29.64
1993-08-18,32.18
1993-08-19,0.0
1993-08-20,8.58
1993-08-21,10.22
1993-08-22,12.18
1993-08-23,28.93
1993-08-24,12.18
1993-08-25,0.0
1993-08-26,0.0
1993-08-27,0.0
1993-08-28,0.0
1993-08-29,0.0
1993-08-30,28.93
1993-08-31,32.83
1993-09-01,0.0
1993-09-02,0.0
1993-09-03,0.0
1993-09-04,0.0
1993-09-05,0.0
1993-09-06,0.0
1993-09-07,0.0
1993-09-08,0.0
1993-09-09,0.0
1993-09-10,34.32
1993-09-11,34.32
1993-09-12,34.32
1993-09-13,34.32
1993-09-14,34.32
1993-09-15,34.32
1993-09-16,34.32
1993-09-17,34.32
1993-09-18,34.32
1993-09-19,0.0
1993-09-20,0.0
1993-09-21,0.0
1993-09-22,0.0
1993-09-23,0.0
1993-09-24,0.0
1993-09-25,0.0
1993-09-26,0.0
1993-09-27,0.0
1993-09-28,0.0
1993-09-29,0.0
1993-09-30,0.0
1993-10-01,0.0
1993-10-02,0.0
1993-10-03,0.0
1993-10-04,0.0
1993-10-05,0.0
1993-10-06,0.0
1993-10-07,0.0
1993-10-08,0.0
1993-10-09,0.0
1993-10-10,0.0
1993-10-11,0.0
1993-10-12,0.0
1993-10-13,0.0
1993-10-14,0.0
1993-10-15,0.0
1993-10-16,52.7
1993-10-17,52.7
1993-10-18,52.7
1993-10-19,52.7
1993-10-20,52.7
1993-10-21,52.7
1993-10-22,52.7
1993-10-23,0.0
1993-10-24,0.0
1993-10-25,52.7
1993-10-26,0.0
1993-10-27,0.0
1993-10-28,0.0
1993-10-29,0.0
1993-10-30,0.0
1993-10-31,0.0
1993-11-01,0.0
1993-11-02,0.0
1993-11-03,0.0
1993-11-04,0.0
1993-11-05,0.0
1993-11-06,0.0
1993-11-07,0.0
1993-11-08,0.0
1993-11-09,0.0
1993-11-10,0.0
1993-11-11,0.0
1993-11-12,0.0
1993-11-13,0.0
1993-11-14,0.0
1993-11-15,0.0
1993-11-16,0.0
1993-11-17,0.0
1993-11-18,0.0
1993-11-19,0.0
1993-11-20,0.0
1993-11-21,0.0
1993-11-22,0.0
1993-11-23,0.0
1993-11-24,0.0
1993-11-25,0.0
1993-11-26,0.0
1993-11-27,0.0
1993-11-28,0.0
1993-11-29,0.0
1993-11-30,0.0
1993-12-01,3.6
1993-12-02,3.6
1993-12-03,3.6
1993-12-04,3.6
1993-12-05,3.6
1993-12-06,3.6
1993-12-07,3.6
1993-12-08,3.6
1993-12-09,3.6
1993-12-10,3.6
1993-12-11,3.6
1993-12-12,3.6
1993-12-13,3.6
1993-12-14,3.6
1993-12-15,3.6
1993-12-16,3.6
1993-12-17,3.6
1993-12-18,3.6
1993-12-19,3.6
1993-12-20,3.6
1993-12-21,3.6
1993-12-22,3.6
1993-12-23,3.6
1993-12-24,3.6
1993-12-25,3.6
1993-12-26,3.6
1993-12-27,3.6
1993-12-28,3.6
1993-12-29,3.6
1993-12-30,3.6
1993-12-31,3.6
1994-01-01,1.31
1994-01-02,1.31
1994-01-03,1.31
1994-01-04,1.31
1994-01-05,1.31
1994-01-06,1.31
1994-01-07,1.31
1994-01-08,1.31
1994-01-09,1.31
1994-01-10,1.31
1994-01-11,1.31
1994-01-12,1.31
1994-01-13,1.31
1994-01-14,1.31
1994-01-15,1.31
1994-01-16,1.31
1994-01-17,1.31
1994-01-18,1.31
1994-01-19,1.31
1994-01-20,1.31
1994-01-21,1.31
1994-01-22,1.31
1994-01-23,1.31
1994-01-24,1.31
1994-01-25,1.31
1994-01-26,1.31
1994-01-27,1.31
1994-01-28,1.31
1994-01-29,1.31
1994-01-30,1.31
1994-01-31,1.31
1994-02-01,14.43
1994-02-02,14.43
1994-02-03,14.43
1994-02-04,0.0
1994-02-05,14.43
1994-02-06,14.43
1994-02-07,0.0
1994-02-08,0.0
1994-02-09,0.0
1994-02-10,0.0
1994-02-11,0.0
1994-02-12,0.0
1994-02-13,0.0
1994-02-14,0.0
1994-02-15,0.0
1994-02-16,0.0
1994-02-17,0.0
1994-02-18,0.0
1994-02-19,14.43
1994-02-20,0.0
1994-02-21,14.43
1994-02-22,14.43
1994-02-23,14.43
1994-02-24,14.43
1994-02-25,0.0
1994-02-26,0.0
1994-02-27,0.0
1994-02-28,0.0
1994-03-01,0.0
1994-03-02,21.57
1994-03-03,17.26
1994-03-04,15.97
1994-03-05,0.0
1994-03-06,0.0
1994-03-07,0.0
1994-03-08,0.0
1994-03-09,0.0
1994-03-10,0.0
1994-03-11,0.0
1994-03-12,4.08
1994-03-13,0.0
1994-03-14,14.44
1994-03-15,17.71
1994-03-16,0.0
1994-03-17,0.0
1994-03-18,0.0
1994-03-19,0.0
1994-03-20,0.0
1994-03-21,0.0
1994-03-22,0.0
1994-03-23,0.0
1994-03-24,0.0
1994-03-25,0.0
1994-03-26,5.1
1994-03-27,7.46
1994-03-28,7.46
1994-03-29,8.09
1994-03-30,6.73
1994-03-31,7.68
1994-04-01,0.0
1994-04-02,13.8
1994-04-03,3.98
1994-04-04,0.0
1994-04-05,0.0
1994-04-06,0.0
1994-04-07,0.0
1994-04-08,8.1
1994-04-09,18.89
1994-04-10,0.0
1994-04-11,8.47
1994-04-12,8.79
1994-04-13,21.76
1994-04-14,0.0
1994-04-15,10.97
1994-04-16,0.0
1994-04-17,0.0
1994-04-18,0.0
1994-04-19,31.06
1994-04-20,51.0
1994-04-21,29.07
1994-04-22,21.76
1994-04-23,21.85
1994-04-24,11.42
1994-04-25,25.68
1994-04-26,0.0
1994-04-27,10.97
1994-04-28,9.96
1994-04-29,0.0
1994-04-30,0.0
1994-05-01,0.0
1994-05-02,0.0
1994-05-03,18.39
1994-05-04,32.52
1994-05-05,22.1
1994-05-06,21.58
1994-05-07,10.74
1994-05-08,8.28
1994-05-09,10.74
1994-05-10,0.0
1994-05-11,0.0
1994-05-12,9.72
1994-05-13,14.88
1994-05-14,0.0
1994-05-15,0.0
1994-05-16,0.0
1994-05-17,0.0
1994-05-18,27.12
1994-05-19,0.0
1994-05-20,0.0
1994-05-21,0.0
1994-05-22,0.0
1994-05-23,0.0
1994-05-24,6.46
1994-05-25,11.6
1994-05-26,7.47
1994-05-27,6.46
1994-05-28,9.13
1994-05-29,8.28
1994-05-30,0.0
1994-05-31,25.15
1994-06-01,38.29
1994-06-02,10.04
1994-06-03,27.61
1994-06-04,6.75
1994-06-05,7.49
1994-06-06,0.0
1994-06-07,0.0
1994-06-08,8.91
1994-06-09,0.0
1994-06-10,0.0
1994-06-11,0.0
1994-06-12,0.0
1994-06-13,6.75
1994-06-14,8.91
1994-06-15,12.66
1994-06-16,10.38
1994-06-17,0.0
1994-06-18,0.0
1994-06-19,0.0
1994-06-20,0.0
1994-06-21,22.44
1994-06-22,0.0
1994-06-23,0.0
1994-06-24,0.0
1994-06-25,6.75
1994-06-26,15.2
1994-06-27,10.38
1994-06-28,6.75
1994-06-29,0.0
1994-06-30,32.58
1994-07-01,16.57
1994-07-02,13.39
1994-07-03,8.29
1994-07-04,6.41
1994-07-05,0.0
1994-07-06,35.16
1994-07-07,28.93
1994-07-08,6.41
1994-07-09,0.0
1994-07-10,0.0
1994-07-11,8.29
1994-07-12,10.86
1994-07-13,20.81
1994-07-14,36.95
1994-07-15,25.67
1994-07-16,27.21
1994-07-17,27.85
1994-07-18,27.55
1994-07-19,9.18
1994-07-20,4.95
1994-07-21,8.29
1994-07-22,7.45
1994-07-23,4.95
1994-07-24,4.95
1994-07-25,11.77
1994-07-26,15.23
1994-07-27,14.66
1994-07-28,19.75
1994-07-29,26.23
1994-07-30,23.78
1994-07-31,19.39
1994-08-01,21.2
1994-08-02,27.5
1994-08-03,44.43
1994-08-04,46.53
1994-08-05,38.59
1994-08-06,48.62
1994-08-07,38.01
1994-08-08,30.81
1994-08-09,31.31
1994-08-10,27.06
1994-08-11,25.44
1994-08-12,0.0
1994-08-13,0.0
1994-08-14,0.0
1994-08-15,0.0
1994-08-16,10.22
1994-08-17,8.58
1994-08-18,0.0
1994-08-19,0.0
1994-08-20,30.29
1994-08-21,0.0
1994-08-22,0.0
1994-08-23,0.0
1994-08-24,0.0
1994-08-25,0.0
1994-08-26,0.0
1994-08-27,0.0
1994-08-28,29.98
1994-08-29,24.89
1994-08-30,39.18
1994-08-31,35.83
1994-09-01,34.32
1994-09-02,34.32
1994-09-03,0.0
1994-09-04,0.0
1994-09-05,0.0
1994-09-06,0.0
1994-09-07,0.0
1994-09-08,34.32
1994-09-09,34.32
1994-09-10,34.32
1994-09-11,0.0
1994-09-12,0.0
1994-09-13,0.0
1994-09-14,0.0
1994-09-15,0.0
1994-09-16,34.32
1994-09-17,34.32
1994-09-18,34.32
1994-09-19,34.32
1994-09-20,0.0
1994-09-21,0.0
1994-09-22,0.0
1994-09-23,0.0
1994-09-24,0.0
1994-09-25,0.0
1994-09-26,34.32
1994-09-27,34.32
1994-09-28,34.32
1994-09-29,34.32
1994-09-30,0.0
1994-10-01,0.0
1994-10-02,0.0
1994-10-03,52.7
1994-10-04,0.0
1994-10-05,0.0
1994-10-06,0.0
1994-10-07,0.0
1994-10-08,0.0
1994-10-09,52.7
1994-10-10,52.7
1994-10-11,52.7
1994-10-12,0.0
1994-10-13,0.0
1994-10-14,0.0
1994-10-15,0.0
1994-10-16,0.0
1994-10-17,0.0
1994-10-18,0.0
1994-10-19,0.0
1994-10-20,0.0
1994-10-21,0.0
1994-10-22,0.0
1994-10-23,0.0
1994-10-24,0.0
1994-10-25,0.0
1994-10-26,0.0
1994-10-27,0.0
1994-10-28,0.0
1994-10-29,0.0
1994-10-30,0.0
1994-10-31,0.0
1994-11-01,0.0
1994-11-02,56.16
1994-11-03,56.16
1994-11-04,56.16
1994-11-05,56.16
1994-11-06,56.16
1994-11-07,0.0
1994-11-08,0.0
1994-11-09,0.0
1994-11-10,0.0
1994-11-11,0.0
1994-11-12,0.0
1994-11-13,0.0
1994-11-14,0.0
1994-11-15,0.0
1994-11-16,0.0
1994-11-17,0.0
1994-11-18,0.0
1994-11-19,0.0
1994-11-20,0.0
1994-11-21,0.0
1994-11-22,0.0
1994-11-23,56.16
1994-11-24,56.16
1994-11-25,56.16
1994-11-26,56.16
1994-11-27,0.0
1994-11-28,0.0
1994-11-29,0.0
1994-11-30,0.0
1994-12-01,3.6
1994-12-02,3.6
1994-12-03,3.6
1994-12-04,3.6
1994-12-05,3.6
1994-12-06,3.6
1994-12-07,3.6
1994-12-08,3.6
1994-12-09,3.6
1994-12-10,3.6
1994-12-11,3.6
1994-12-12,3.6
1994-12-13,3.6
1994-12-14,3.6
1994-12-15,3.6
1994-12-16,3.6
1994-12-17,3.6
1994-12-18,3.6
1994-12-19,3.6
1994-12-20,3.6
1994-12-21,3.6
1994-12-22,3.6
1994-12-23,3.6
1994-12-24,3.6
1994-12-25,3.6
1994-12-26,3.6
1994-12-27,3.6
1994-12-28,3.6
1994-12-29,3.6
1994-12-30,3.6
1994-12-31,3.6
1995-01-01,1.31
1995-01-02,1.31
1995-01-03,1.31
1995-01-04,1.31
1995-01-05,1.31
1995-01-06,1.31
1995-01-07,1.31
1995-01-08,1.31
1995-01-09,1.31
1995-01-10,1.31
1995-01-11,1.31
1995-01-12,1.31
1995-01-13,1.31
1995-01-14,1.31
1995-01-15,1.31
1995-01-16,1.31
1995-01-17,1.31
1995-01-18,1.31
1995-01-19,1.31
1995-01-20,1.31
1995-01-21,1.31
1995-01-22,1.31
1995-01-23,1.31
1995-01-24,1.31
1995-01-25,1.31
1995-01-26,1.31
1995-01-27,1.31
1995-01-28,1.31
1995-01-29,1.31
1995-01-30,1.31
1995-01-31,1.31
1995-02-01,14.43
1995-02-02,14.43
1995-02-03,0.0
1995-02-04,0.0
1995-02-05,0.0
1995-02-06,0.0
1995-02-07,0.0
1995-02-08,14.43
1995-02-09,0.0
1995-02-10,0.0
1995-02-11,0.0
1995-02-12,0.0
1995-02-13,0.0
1995-02-14,0.0
1995-02-15,0.0
1995-02-16,0.0
1995-02-17,0.0
1995-02-18,0.0
1995-02-19,0.0
1995-02-20,0.0
1995-02-21,0.0
1995-02-22,0.0
1995-02-23,0.0
1995-02-24,0.0
1995-02-25,0.0
1995-02-26,0.0
1995-02-27,0.0
1995-02-28,14.43
1995-03-01,8.31
1995-03-02,3.59
1995-03-03,0.0
1995-03-04,0.0
1995-03-05,5.59
1995-03-06,3.59
1995-03-07,0.0
1995-03-08,8.09
1995-03-09,0.0
1995-03-10,0.0
1995-03-11,0.0
1995-03-12,0.0
1995-03-13,0.0
1995-03-14,0.0
1995-03-15,0.0
1995-03-16,0.0
1995-03-17,0.0
1995-03-18,0.0
1995-03-19,0.0
1995-03-20,0.0
1995-03-21,10.68
1995-03-22,11.52
1995-03-23,9.24
1995-03-24,6.18
1995-03-25,0.0
1995-03-26,0.0
1995-03-27,0.0
1995-03-28,0.0
1995-03-29,5.59
1995-03-30,23.74
1995-03-31,16.35
1995-04-01,30.93
1995-04-02,34.48
1995-04-03,17.92
1995-04-04,19.8
1995-04-05,16.04
1995-04-06,0.0
1995-04-07,0.0
1995-04-08,0.0
1995-04-09,0.0
1995-04-10,0.0
1995-04-11,0.0
1995-04-12,0.0
1995-04-13,0.0
1995-04-14,15.74
1995-04-15,13.8
1995-04-16,16.88
1995-04-17,0.0
1995-04-18,10.21
1995-04-19,6.24
1995-04-20,0.0
1995-04-21,0.0
1995-04-22,13.25
1995-04-23,10.74
1995-04-24,0.0
1995-04-25,0.0
1995-04-26,0.0
1995-04-27,0.0
1995-04-28,0.0
1995-04-29,0.0
1995-04-30,0.0
1995-05-01,0.0
1995-05-02,0.0
1995-05-03,9.13
1995-05-04,22.64
1995-05-05,15.92
1995-05-06,19.12
1995-05-07,24.06
1995-05-08,0.0
1995-05-09,32.26
1995-05-10,24.63
1995-05-11,27.65
1995-05-12,31.15
1995-05-13,9.13
1995-05-14,0.0
1995-05-15,0.0
1995-05-16,0.0
1995-05-17,0.0
1995-05-18,25.05
1995-05-19,9.13
1995-05-20,5.04
1995-05-21,5.04
1995-05-22,21.71
1995-05-23,20.12
1995-05-24,35.29
1995-05-25,35.12
1995-05-26,44.4
1995-05-27,56.62
1995-05-28,78.34
1995-05-29,61.92
1995-05-30,51.83
1995-05-31,39.71
1995-06-01,16.25
1995-06-02,0.0
1995-06-03,20.31
1995-06-04,15.89
1995-06-05,6.75
1995-06-06,16.57
1995-06-07,6.75
1995-06-08,8.01
1995-06-09,15.72
1995-06-10,10.38
1995-06-11,12.17
1995-06-12,15.89
1995-06-13,40.11
1995-06-14,68.96
1995-06-15,59.77
1995-06-16,60.31
1995-06-17,58.78
1995-06-18,37.22
1995-06-19,12.66
1995-06-20,0.0
1995-06-21,0.0
1995-06-22,6.75
1995-06-23,11.64
1995-06-24,30.29
1995-06-25,27.41
1995-06-26,33.22
1995-06-27,59.96
1995-06-28,62.37
1995-06-29,63.26
1995-06-30,61.85
1995-07-01,68.22
1995-07-02,87.62
1995-07-03,77.85
1995-07-04,72.17
1995-07-05,70.45
1995-07-06,62.44
1995-07-07,66.95
1995-07-08,60.42
1995-07-09,40.58
1995-07-10,45.49
1995-07-11,31.69
1995-07-12,13.39
1995-07-13,6.41
1995-07-14,0.0
1995-07-15,0.0
1995-07-16,0.0
1995-07-17,17.76
1995-07-18,6.41
1995-07-19,15.23
1995-07-20,14.05
1995-07-21,4.95
1995-07-22,9.79
1995-07-23,17.27
1995-07-24,10.86
1995-07-25,4.95
1995-07-26,18.17
1995-07-27,28.14
1995-07-28,15.57
1995-07-29,11.77
1995-07-30,4.95
1995-07-31,0.0
1995-08-01,14.62
1995-08-02,15.44
1995-08-03,21.94
1995-08-04,18.39
1995-08-05,21.34
1995-08-06,40.02
1995-08-07,52.93
1995-08-08,49.24
1995-08-09,36.49
1995-08-10,27.36
1995-08-11,28.43
1995-08-12,0.0
1995-08-13,0.0
1995-08-14,0.0
1995-08-15,0.0
1995-08-16,25.07
1995-08-17,21.34
1995-08-18,31.11
1995-08-19,12.18
1995-08-20,19.67
1995-08-21,27.57
1995-08-22,0.0
1995-08-23,11.33
1995-08-24,19.09
1995-08-25,10.22
1995-08-26,8.58
1995-08-27,0.0
1995-08-28,0.0
1995-08-29,0.0
1995-08-30,24.89
1995-08-31,0.0
1995-09-01,0.0
1995-09-02,0.0
1995-09-03,0.0
1995-09-04,0.0
1995-09-05,0.0
1995-09-06,0.0
1995-09-07,34.32
1995-09-08,0.0
1995-09-09,34.32
1995-09-10,0.0
1995-09-11,0.0
1995-09-12,34.32
1995-09-13,0.0
1995-09-14,0.0
1995-09-15,0.0
1995-09-16,0.0
1995-09-17,0.0
1995-09-18,0.0
1995-09-19,34.32
1995-09-20,0.0
1995-09-21,0.0
1995-09-22,0.0
1995-09-23,0.0
1995-09-24,0.0
1995-09-25,0.0
1995-09-26,0.0
1995-09-27,0.0
1995-09-28,0.0
1995-09-29,0.0
1995-09-30,0.0
1995-10-01,0.0
1995-10-02,0.0
1995-10-03,0.0
1995-10-04,52.7
1995-10-05,0.0
1995-10-06,0.0
1995-10-07,0.0
1995-10-08,0.0
1995-10-09,0.0
1995-10-10,0.0
1995-10-11,0.0
1995-10-12,0.0
1995-10-13,52.7
1995-10-14,52.7
1995-10-15,52.7
1995-10-16,0.0
1995-10-17,0.0
1995-10-18,0.0
1995-10-19,0.0
1995-10-20,0.0
1995-10-21,0.0
1995-10-22,0.0
1995-10-23,0.0
1995-10-24,0.0
1995-10-25,0.0
1995-10-26,0.0
1995-10-27,0.0
1995-10-28,0.0
1995-10-29,0.0
1995-10-30,0.0
1995-10-31,0.0
1995-11-01,0.0
1995-11-02,0.0
1995-11-03,0.0
1995-11-04,0.0
1995-11-05,0.0
1995-11-06,0.0
1995-11-07,0.0
1995-11-08,0.0
1995-11-09,0.0
1995-11-10,0.0
1995-11-11,0.0
1995-11-12,56.16
1995-11-13,56.16
1995-11-14,56.16
1995-11-15,56.16
1995-11-16,0.0
1995-11-17,0.0
1995-11-18,0.0
1995-11-19,0.0
1995-11-20,0.0
1995-11-21,0.0
1995-11-22,0.0
1995-11-23,0.0
1995-11-24,0.0
1995-11-25,0.0
1995-11-26,0.0
1995-11-27,0.0
1995-11-28,0.0
1995-11-29,0.0
1995-11-30,0.0
1995-12-01,3.6
1995-12-02,3.6
1995-12-03,3.6
1995-12-04,3.6
1995-12-05,3.6
1995-12-06,3.6
1995-12-07,3.6
1995-12-08,3.6
1995-12-09,3.6
1995-12-10,3.6
1995-12-11,3.6
1995-12-12,3.6
1995-12-13,3.6
1995-12-14,3.6
1995-12-15,3.6
1995-12-16,3.6
1995-12-17,3.6
1995-12-18,3.6
1995-12-19,3.6
1995-12-20,3.6
1995-12-21,3.6
1995-12-22,3.6
1995-12-23,3.6
1995-12-24,3.6
1995-12-25,3.6
1995-12-26,3.6
1995-12-27,3.6
1995-12-28,3.6
1995-12-29,3.6
1995-12-30,3.6
1995-12-31,3.6
1996-01-01,1.31
1996-01-02,1.31
1996-01-03,1.31
1996-01-04,1.31
1996-01-05,1.31
1996-01-06,1.31
1996-01-07,1.31
1996-01-08,1.31
1996-01-09,1.31
1996-01-10,1.31
1996-01-11,1.31
1996-01-12,1.31
1996-01-13,1.31
1996-01-14,1.31
1996-01-15,1.31
1996-01-16,1.31
1996-01-17,1.31
1996-01-18,1.31
1996-01-19,1.31
1996-01-20,1.31
1996-01-21,1.31
1996-01-22,1.31
1996-01-23,1.31
1996-01-24,1.31
1996-01-25,1.31
1996-01-26,1.31
1996-01-27,1.31
1996-01-28,1.31
1996-01-29,1.31
1996-01-30,1.31
1996-01-31,1.31
1996-02-01,0.0
1996-02-02,0.0
1996-02-03,0.0
1996-02-04,0.0
1996-02-05,0.0
1996-02-06,0.0
1996-02-07,0.0
1996-02-08,0.0
1996-02-09,0.0
1996-02-10,0.0
1996-02-11,0.0
1996-02-12,0.0
1996-02-13,0.0
1996-02-14,0.0
1996-02-15,0.0
1996-02-16,0.0
1996-02-17,14.43
1996-02-18,14.43
1996-02-19,14.43
1996-02-20,14.43
1996-02-21,0.0
1996-02-22,0.0
1996-02-23,14.43
1996-02-24,14.43
1996-02-25,14.43
1996-02-26,14.43
1996-02-27,14.43
1996-02-28,14.43
1996-02-29,14.43
1996-03-01,17.42
1996-03-02,4.88
1996-03-03,0.0
1996-03-04,0.0
1996-03-05,12.85
1996-03-06,0.0
1996-03-07,0.0
1996-03-08,0.0
1996-03-09,0.0
1996-03-10,0.0
1996-03-11,0.0
1996-03-12,0.0
1996-03-13,0.0
1996-03-14,0.0
1996-03-15,12.68
1996-03-16,20.48
1996-03-17,2.93
1996-03-18,1.56
1996-03-19,0.0
1996-03-20,2.57
1996-03-21,0.0
1996-03-22,0.0
1996-03-23,0.0
1996-03-24,3.59
1996-03-25,0.0
1996-03-26,0.0
1996-03-27,0.0
1996-03-28,0.0
1996-03-29,0.0
1996-03-30,4.88
1996-03-31,8.87
1996-04-01,10.46
1996-04-02,8.79
1996-04-03,14.64
1996-04-04,15.45
1996-04-05,9.96
1996-04-06,7.37
1996-04-07,6.97
1996-04-08,17.14
1996-04-09,10.46
1996-04-10,0.0
1996-04-11,12.08
1996-04-12,9.96
1996-04-13,12.69
1996-04-14,17.92
1996-04-15,0.0
1996-04-16,0.0
1996-04-17,10.46
1996-04-18,17.66
1996-04-19,12.28
1996-04-20,5.99
1996-04-21,0.0
1996-04-22,0.0
1996-04-23,0.0
1996-04-24,0.0
1996-04-25,0.0
1996-04-26,12.28
1996-04-27,0.0
1996-04-28,0.0
1996-04-29,8.1
1996-04-30,11.42
1996-05-01,32.8
1996-05-02,21.58
1996-05-03,8.28
1996-05-04,28.01
1996-05-05,14.88
1996-05-06,22.64
1996-05-07,10.74
1996-05-08,26.18
1996-05-09,19.12
1996-05-10,0.0
1996-05-11,0.0
1996-05-12,0.0
1996-05-13,0.0
1996-05-14,0.0
1996-05-15,0.0
1996-05-16,0.0
1996-05-17,0.0
1996-05-18,0.0
1996-05-19,0.0
1996-05-20,0.0
1996-05-21,0.0
1996-05-22,0.0
1996-05-23,0.0
1996-05-24,0.0
1996-05-25,0.0
1996-05-26,0.0
1996-05-27,0.0
1996-05-28,6.46
1996-05-29,10.74
1996-05-30,24.17
1996-05-31,39.57
1996-06-01,31.46
1996-06-02,56.54
1996-06-03,66.03
1996-06-04,67.86
1996-06-05,31.7
1996-06-06,8.91
1996-06-07,0.0
1996-06-08,0.0
1996-06-09,0.0
1996-06-10,0.0
1996-06-11,5.17
1996-06-12,0.0
1996-06-13,0.0
1996-06-14,3.96
1996-06-15,10.04
1996-06-16,0.0
1996-06-17,0.0
1996-06-18,0.0
1996-06-19,0.0
1996-06-20,0.0
1996-06-21,0.0
1996-06-22,0.0
1996-06-23,0.0
1996-06-24,14.42
1996-06-25,15.2
1996-06-26,14.02
1996-06-27,13.17
1996-06-28,0.0
1996-06-29,5.17
1996-06-30,9.69
1996-07-01,16.33
1996-07-02,14.05
1996-07-03,14.05
1996-07-04,8.29
1996-07-05,6.41
1996-07-06,0.0
1996-07-07,0.0
1996-07-08,0.0
1996-07-09,0.0
1996-07-10,21.29
1996-07-11,3.83
1996-07-12,4.95
1996-07-13,0.0
1996-07-14,0.0
1996-07-15,38.66
1996-07-16,35.56
1996-07-17,40.9
1996-07-18,32.97
1996-07-19,36.1
1996-07-20,37.13
1996-07-21,22.94
1996-07-22,14.05
1996-07-23,11.77
1996-07-24,16.57
1996-07-25,9.79
1996-07-26,11.77
1996-07-27,16.33
1996-07-28,19.39
1996-07-29,21.13
1996-07-30,17.76
1996-07-31,16.81
1996-08-01,13.63
1996-08-02,0.0
1996-08-03,0.0
1996-08-04,0.0
1996-08-05,0.0
1996-08-06,12.18
1996-08-07,0.0
1996-08-08,14.62
1996-08-09,17.41
1996-08-10,14.62
1996-08-11,16.15
1996-08-12,12.18
1996-08-13,12.18
1996-08-14,0.0
1996-08-15,17.92
1996-08-16,20.41
1996-08-17,19.29
1996-08-18,17.92
1996-08-19,15.44
1996-08-20,10.22
1996-08-21,8.58
1996-08-22,0.0
1996-08-23,0.0
1996-08-24,31.87
1996-08-25,23.42
1996-08-26,22.46
1996-08-27,29.53
1996-08-28,0.0
1996-08-29,0.0
1996-08-30,0.0
1996-08-31,26.03
1996-09-01,34.32
1996-09-02,34.32
1996-09-03,0.0
1996-09-04,0.0
1996-09-05,0.0
1996-09-06,0.0
1996-09-07,0.0
1996-09-08,0.0
1996-09-09,0.0
1996-09-10,0.0
1996-09-11,0.0
1996-09-12,0.0
1996-09-13,0.0
1996-09-14,0.0
1996-09-15,0.0
1996-09-16,34.32
1996-09-17,34.32
1996-09-18,34.32
1996-09-19,34.32
1996-09-20,34.32
1996-09-21,34.32
1996-09-22,34.32
1996-09-23,0.0
1996-09-24,0.0
1996-09-25,0.0
1996-09-26,0.0
1996-09-27,0.0
1996-09-28,0.0
1996-09-29,34.32
1996-09-30,0.0
1996-10-01,52.7
1996-10-02,52.7
1996-10-03,52.7
1996-10-04,0.0
1996-10-05,0.0
1996-10-06,0.0
1996-10-07,0.0
1996-10-08,0.0
1996-10-09,0.0
1996-10-10,52.7
1996-10-11,52.7
1996-10-12,52.7
1996-10-13,52.7
1996-10-14,0.0
1996-10-15,0.0
1996-10-16,0.0
1996-10-17,0.0
1996-10-18,0.0
1996-10-19,0.0
1996-10-20,0.0
1996-10-21,0.0
1996-10-22,0.0
1996-10-23,0.0
1996-10-24,0.0
1996-10-25,0.0
1996-10-26,0.0
1996-10-27,0.0
1996-10-28,0.0
1996-10-29,0.0
1996-10-30,0.0
1996-10-31,0.0
1996-11-01,0.0
1996-11-02,0.0
1996-11-03,56.16
1996-11-04,56.16
1996-11-05,0.0
1996-11-06,56.16
1996-11-07,0.0
1996-11-08,0.0
1996-11-09,0.0
1996-11-10,0.0
1996-11-11,0.0
1996-11-12,56.16
1996-11-13,0.0
1996-11-14,0.0
1996-11-15,0.0
1996-11-16,56.16
1996-11-17,56.16
1996-11-18,0.0
1996-11-19,0.0
1996-11-20,0.0
1996-11-21,0.0
1996-11-22,0.0
1996-11-23,0.0
1996-11-24,0.0
1996-11-25,0.0
1996-11-26,0.0
1996-11-27,0.0
1996-11-28,0.0
1996-11-29,0.0
1996-11-30,0.0
1996-12-01,3.6
1996-12-02,3.6
1996-12-03,3.6
1996-12-04,3.6
1996-12-05,3.6
1996-12-06,3.6
1996-12-07,3.6
1996-12-08,3.6
1996-12-09,3.6
1996-12-10,3.6
1996-12-11,3.6
1996-12-12,3.6
1996-12-13,3.6
1996-12-14,3.6
1996-12-15,3.6
1996-12-16,3.6
1996-12-17,3.6
1996-12-18,3.6
1996-12-19,3.6
1996-12-20,3.6
1996-12-21,3.6
1996-12-22,3.6
1996-12-23,3.6
1996-12-24,3.6
1996-12-25,3.6
1996-12-26,3.6
1996-12-27,3.6
1996-12-28,3.6
1996-12-29,3.6
1996-12-30,3.6
1996-12-31,3.6
1997-01-01,1.31
1997-01-02,1.31
1997-01-03,1.31
1997-01-04,1.31
1997-01-05,1.31
1997-01-06,1.31
1997-01-07,1.31
1997-01-08,1.31
1997-01-09,1.31
1997-01-10,1.31
1997-01-11,1.31
1997-01-12,1.31
1997-01-13,1.31
1997-01-14,1.31
1997-01-15,1.31
1997-01-16,1.31
1997-01-17,1.31
1997-01-18,1.31
1997-01-19,1.31
1997-01-20,1.31
1997-01-21,1.31
1997-01-22,1.31
1997-01-23,1.31
1997-01-24,1.31
1997-01-25,1.31
1997-01-26,1.31
1997-01-27,1.31
1997-01-28,1.31
1997-01-29,1.31
1997-01-30,1.31
1997-01-31,1.31
1997-02-01,0.0
1997-02-02,0.0
1997-02-03,0.0
1997-02-04,0.0
1997-02-05,0.0
1997-02-06,0.0
1997-02-07,0.0
1997-02-08,0.0
1997-02-09,0.0
1997-02-10,0.0
1997-02-11,0.0
1997-02-12,0.0
1997-02-13,0.0
1997-02-14,0.0
1997-02-15,0.0
1997-02-16,0.0
1997-02-17,0.0
1997-02-18,0.0
1997-02-19,0.0
1997-02-20,0.0
1997-02-21,0.0
1997-02-22,0.0
1997-02-23,0.0
1997-02-24,0.0
1997-02-25,0.0
1997-02-26,0.0
1997-02-27,14.43
1997-02-28,0.0
1997-03-01,3.59
1997-03-02,10.53
1997-03-03,27.2
1997-03-04,42.66
1997-03-05,26.76
1997-03-06,8.09
1997-03-07,33.31
1997-03-08,28.77
1997-03-09,25.17
1997-03-10,13.13
1997-03-11,21.37
1997-03-12,14.02
1997-03-13,4.08
1997-03-14,4.08
1997-03-15,37.98
1997-03-16,31.0
1997-03-17,17.3
1997-03-18,23.85
1997-03-19,32.3
1997-03-20,19.43
1997-03-21,0.0
1997-03-22,0.0
1997-03-23,0.0
1997-03-24,0.0
1997-03-25,9.73
1997-03-26,0.0
1997-03-27,4.5
1997-03-28,0.0
1997-03-29,17.38
1997-03-30,14.24
1997-03-31,7.21
1997-04-01,16.32
1997-04-02,0.0
1997-04-03,0.0
1997-04-04,0.0
1997-04-05,0.0
1997-04-06,0.0
1997-04-07,0.0
1997-04-08,10.34
1997-04-09,37.85
1997-04-10,36.34
1997-04-11,43.06
1997-04-12,16.32
1997-04-13,15.45
1997-04-14,29.27
1997-04-15,15.13
1997-04-16,22.24
1997-04-17,27.97
1997-04-18,10.46
1997-04-19,26.75
1997-04-20,28.19
1997-04-21,29.8
1997-04-22,30.93
1997-04-23,23.79
1997-04-24,6.75
1997-04-25,0.0
1997-04-26,0.0
1997-04-27,0.0
1997-04-28,0.0
1997-04-29,10.59
1997-04-30,7.37
1997-05-01,6.46
1997-05-02,39.76
1997-05-03,10.74
1997-05-04,33.8
1997-05-05,36.99
1997-05-06,8.28
1997-05-07,0.0
1997-05-08,0.0
1997-05-09,0.0
1997-05-10,19.12
1997-05-11,20.42
1997-05-12,25.77
1997-05-13,11.6
1997-05-14,10.74
1997-05-15,43.82
1997-05-16,55.69
1997-05-17,45.03
1997-05-18,55.59
1997-05-19,45.26
1997-05-20,48.5
1997-05-21,60.31
1997-05-22,25.38
1997-05-23,8.28
1997-05-24,0.0
1997-05-25,0.0
1997-05-26,0.0
1997-05-27,0.0
1997-05-28,0.0
1997-05-29,0.0
1997-05-30,0.0
1997-05-31,22.64
1997-06-01,5.17
1997-06-02,0.0
1997-06-03,0.0
1997-06-04,33.22
1997-06-05,12.66
1997-06-06,0.0
1997-06-07,17.17
1997-06-08,14.02
1997-06-09,20.08
1997-06-10,14.42
1997-06-11,11.64
1997-06-12,10.78
1997-06-13,10.04
1997-06-14,12.66
1997-06-15,6.75
1997-06-16,3.96
1997-06-17,0.0
1997-06-18,39.76
1997-06-19,27.11
1997-06-20,40.83
1997-06-21,21.63
1997-06-22,20.42
1997-06-23,17.49
1997-06-24,10.04
1997-06-25,8.48
1997-06-26,7.49
1997-06-27,0.0
1997-06-28,9.32
1997-06-29,15.38
1997-06-30,19.47
1997-07-01,26.79
1997-07-02,21.75
1997-07-03,25.41
1997-07-04,23.52
1997-07-05,21.29
1997-07-06,18.96
1997-07-07,21.44
1997-07-08,20.44
1997-07-09,22.66
1997-07-10,24.29
1997-07-11,34.31
1997-07-12,47.4
1997-07-13,27.55
1997-07-14,21.75
1997-07-15,43.05
1997-07-16,35.84
1997-07-17,25.78
1997-07-18,25.89
1997-07-19,0.0
1997-07-20,4.95
1997-07-21,0.0
1997-07-22,6.41
1997-07-23,9.18
1997-07-24,14.05
1997-07-25,15.23
1997-07-26,11.77
1997-07-27,8.29
1997-07-28,10.35
1997-07-29,13.39
1997-07-30,13.72
1997-07-31,13.04
1997-08-01,12.18
1997-08-02,25.78
1997-08-03,13.04
1997-08-04,0.0
1997-08-05,13.63
1997-08-06,13.04
1997-08-07,12.18
1997-08-08,0.0
1997-08-09,36.91
1997-08-10,33.32
1997-08-11,15.81
1997-08-12,14.15
1997-08-13,17.92
1997-08-14,0.0
1997-08-15,8.58
1997-08-16,0.0
1997-08-17,0.0
1997-08-18,8.58
1997-08-19,10.22
1997-08-20,0.0
1997-08-21,0.0
1997-08-22,0.0
1997-08-23,0.0
1997-08-24,12.18
1997-08-25,12.18
1997-08-26,13.63
1997-08-27,16.15
1997-08-28,17.92
1997-08-29,18.39
1997-08-30,14.62
1997-08-31,0.0
1997-09-01,0.0
1997-09-02,34.32
1997-09-03,34.32
1997-09-04,34.32
1997-09-05,0.0
1997-09-06,34.32
1997-09-07,34.32
1997-09-08,34.32
1997-09-09,34.32
1997-09-10,34.32
1997-09-11,34.32
1997-09-12,0.0
1997-09-13,0.0
1997-09-14,0.0
1997-09-15,0.0
1997-09-16,0.0
1997-09-17,0.0
1997-09-18,0.0
1997-09-19,0.0
1997-09-20,0.0
1997-09-21,0.0
1997-09-22,0.0
1997-09-23,0.0
1997-09-24,0.0
1997-09-25,0.0
1997-09-26,0.0
1997-09-27,34.32
1997-09-28,34.32
1997-09-29,34.32
1997-09-30,0.0
1997-10-01,0.0
1997-10-02,0.0
1997-10-03,0.0
1997-10-04,52.7
1997-10-05,52.7
1997-10-06,52.7
1997-10-07,0.0
1997-10-08,0.0
1997-10-09,0.0
1997-10-10,0.0
1997-10-11,0.0
1997-10-12,0.0
1997-10-13,0.0
1997-10-14,0.0
1997-10-15,52.7
1997-10-16,0.0
1997-10-17,0.0
1997-10-18,0.0
1997-10-19,0.0
1997-10-20,0.0
1997-10-21,52.7
1997-10-22,0.0
1997-10-23,52.7
1997-10-24,52.7
1997-10-25,0.0
1997-10-26,0.0
1997-10-27,0.0
1997-10-28,0.0
1997-10-29,0.0
1997-10-30,0.0
1997-10-31,0.0
1997-11-01,0.0
1997-11-02,0.0
1997-11-03,0.0
1997-11-04,0.0
1997-11-05,0.0
1997-11-06,0.0
1997-11-07,0.0
1997-11-08,0.0
1997-11-09,0.0
1997-11-10,0.0
1997-11-11,0.0
1997-11-12,56.16
1997-11-13,56.16
1997-11-14,56.16
1997-11-15,0.0
1997-11-16,0.0
1997-11-17,0.0
1997-11-18,0.0
1997-11-19,0.0
1997-11-20,0.0
1997-11-21,0.0
1997-11-22,0.0
1997-11-23,0.0
1997-11-24,0.0
1997-11-25,0.0
1997-11-26,0.0
1997-11-27,0.0
1997-11-28,0.0
1997-11-29,0.0
1997-11-30,0.0
1997-12-01,3.6
1997-12-02,3.6
1997-12-03,3.6
1997-12-04,3.6
1997-12-05,3.6
1997-12-06,3.6
1997-12-07,3.6
1997-12-08,3.6
1997-12-09,3.6
1997-12-10,3.6
1997-12-11,3.6
1997-12-12,3.6
1997-12-13,3.6
1997-12-14,3.6
1997-12-15,3.6
1997-12-16,3.6
1997-12-17,3.6
1997-12-18,3.6
1997-12-19,3.6
1997-12-20,3.6
1997-12-21,3.6
1997-12-22,3.6
1997-12-23,3.6
1997-12-24,3.6
1997-12-25,3.6
1997-12-26,3.6
1997-12-27,3.6
1997-12-28,3.6
1997-12-29,3.6
1997-12-30,3.6
1997-12-31,3.6
1998-01-01,1.31
1998-01-02,1.31
1998-01-03,1.31
1998-01-04,1.31
1998-01-05,1.31
1998-01-06,1.31
1998-01-07,1.31
1998-01-08,1.31
1998-01-09,1.31
1998-01-10,1.31
1998-01-11,1.31
1998-01-12,1.31
1998-01-13,1.31
1998-01-14,1.31
1998-01-15,1.31
1998-01-16,1.31
1998-01-17,1.31
1998-01-18,1.31
1998-01-19,1.31
1998-01-20,1.31
1998-01-21,1.31
1998-01-22,1.31
1998-01-23,1.31
1998-01-24,1.31
1998-01-25,1.31
1998-01-26,1.31
1998-01-27,1.31
1998-01-28,1.31
1998-01-29,1.31
1998-01-30,1.31
1998-01-31,1.31
1998-02-01,0.0
1998-02-02,0.0
1998-02-03,0.0
1998-02-04,0.0
1998-02-05,14.43
1998-02-06,14.43
1998-02-07,14.43
1998-02-08,14.43
1998-02-09,0.0
1998-02-10,0.0
1998-02-11,0.0
1998-02-12,0.0
1998-02-13,0.0
1998-02-14,0.0
1998-02-15,0.0
1998-02-16,0.0
1998-02-17,0.0
1998-02-18,0.0
1998-02-19,0.0
1998-02-20,14.43
1998-02-21,14.43
1998-02-22,14.43
1998-02-23,14.43
1998-02-24,14.43
1998-02-25,0.0
1998-02-26,0.0
1998-02-27,0.0
1998-02-28,14.43
1998-03-01,0.0
1998-03-02,0.0
1998-03-03,0.0
1998-03-04,3.59
1998-03-05,0.0
1998-03-06,0.0
1998-03-07,6.73
1998-03-08,0.0
1998-03-09,6.73
1998-03-10,10.53
1998-03-11,10.37
1998-03-12,1.56
1998-03-13,0.0
1998-03-14,4.88
1998-03-15,0.0
1998-03-16,0.0
1998-03-17,9.91
1998-03-18,0.0
1998-03-19,0.0
1998-03-20,0.0
1998-03-21,0.0
1998-03-22,2.93
1998-03-23,3.59
1998-03-24,15.53
1998-03-25,32.18
1998-03-26,42.66
1998-03-27,12.42
1998-03-28,6.48
1998-03-29,4.88
1998-03-30,8.69
1998-03-31,37.26
1998-04-01,57.48
1998-04-02,18.16
1998-04-03,14.4
1998-04-04,27.43
1998-04-05,33.25
1998-04-06,14.64
1998-04-07,6.47
1998-04-08,0.0
1998-04-09,29.41
1998-04-10,16.74
1998-04-11,0.0
1998-04-12,0.0
1998-04-13,0.0
1998-04-14,0.0
1998-04-15,0.0
1998-04-16,0.0
1998-04-17,0.0
1998-04-18,0.0
1998-04-19,0.0
1998-04-20,12.69
1998-04-21,8.1
1998-04-22,0.0
1998-04-23,0.0
1998-04-24,15.74
1998-04-25,13.45
1998-04-26,9.96
1998-04-27,24.21
1998-04-28,7.37
1998-04-29,0.0
1998-04-30,0.0
1998-05-01,0.0
1998-05-02,0.0
1998-05-03,0.0
1998-05-04,0.0
1998-05-05,0.0
1998-05-06,0.0
1998-05-07,0.0
1998-05-08,0.0
1998-05-09,58.78
1998-05-10,70.43
1998-05-11,60.75
1998-05-12,51.92
1998-05-13,32.8
1998-05-14,0.0
1998-05-15,8.28
1998-05-16,12.37
1998-05-17,57.85
1998-05-18,50.26
1998-05-19,21.84
1998-05-20,0.0
1998-05-21,0.0
1998-05-22,0.0
1998-05-23,0.0
1998-05-24,0.0
1998-05-25,0.0
1998-05-26,10.74
1998-05-27,8.28
1998-05-28,8.28
1998-05-29,24.52
1998-05-30,0.0
1998-05-31,31.15
1998-06-01,35.51
1998-06-02,26.59
1998-06-03,21.2
1998-06-04,24.6
1998-06-05,36.29
1998-06-06,40.18
1998-06-07,33.43
1998-06-08,32.48
1998-06-09,33.11
1998-06-10,16.05
1998-06-11,8.48
1998-06-12,9.32
1998-06-13,5.17
1998-06-14,5.17
1998-06-15,12.17
1998-06-16,6.75
1998-06-17,13.61
1998-06-18,15.2
1998-06-19,12.66
1998-06-20,0.0
1998-06-21,0.0
1998-06-22,0.0
1998-06-23,0.0
1998-06-24,6.04
1998-06-25,9.69
1998-06-26,10.04
1998-06-27,10.38
1998-06-28,9.69
1998-06-29,12.95
1998-06-30,14.84
1998-07-01,18.96
1998-07-02,18.96
1998-07-03,16.33
1998-07-04,15.83
1998-07-05,14.66
1998-07-06,10.86
1998-07-07,14.66
1998-07-08,24.04
1998-07-09,26.0
1998-07-10,22.38
1998-07-11,21.13
1998-07-12,26.47
1998-07-13,21.75
1998-07-14,18.96
1998-07-15,12.57
1998-07-16,8.29
1998-07-17,20.44
1998-07-18,17.27
1998-07-19,8.29
1998-07-20,0.0
1998-07-21,0.0
1998-07-22,0.0
1998-07-23,0.0
1998-07-24,0.0
1998-07-25,9.79
1998-07-26,4.95
1998-07-27,0.0
1998-07-28,0.0
1998-07-29,0.0
1998-07-30,4.95
1998-07-31,0.0
1998-08-01,15.44
1998-08-02,27.43
1998-08-03,28.57
1998-08-04,26.21
1998-08-05,21.05
1998-08-06,17.41
1998-08-07,25.25
1998-08-08,12.18
1998-08-09,10.22
1998-08-10,0.0
1998-08-11,10.22
1998-08-12,23.2
1998-08-13,34.92
1998-08-14,36.49
1998-08-15,42.9
1998-08-16,41.0
1998-08-17,31.82
1998-08-18,0.0
1998-08-19,0.0
1998-08-20,25.44
1998-08-21,26.44
1998-08-22,0.0
1998-08-23,0.0
1998-08-24,0.0
1998-08-25,0.0
1998-08-26,21.34
1998-08-27,0.0
1998-08-28,35.03
1998-08-29,0.0
1998-08-30,0.0
1998-08-31,0.0
1998-09-01,0.0
1998-09-02,0.0
1998-09-03,34.32
1998-09-04,0.0
1998-09-05,0.0
1998-09-06,0.0
1998-09-07,0.0
1998-09-08,0.0
1998-09-09,0.0
1998-09-10,0.0
1998-09-11,34.32
1998-09-12,0.0
1998-09-13,0.0
1998-09-14,0.0
1998-09-15,0.0
1998-09-16,0.0
1998-09-17,0.0
1998-09-18,34.32
1998-09-19,34.32
1998-09-20,0.0
1998-09-21,34.32
1998-09-22,0.0
1998-09-23,0.0
1998-09-24,34.32
1998-09-25,0.0
1998-09-26,0.0
1998-09-27,0.0
1998-09-28,0.0
1998-09-29,0.0
1998-09-30,0.0
1998-10-01,0.0
1998-10-02,0.0
1998-10-03,0.0
1998-10-04,52.7
1998-10-05,0.0
1998-10-06,0.0
1998-10-07,0.0
1998-10-08,0.0
1998-10-09,52.7
1998-10-10,52.7
1998-10-11,52.7
1998-10-12,0.0
1998-10-13,0.0
1998-10-14,0.0
1998-10-15,0.0
1998-10-16,0.0
1998-10-17,0.0
1998-10-18,52.7
1998-10-19,52.7
1998-10-20,0.0
1998-10-21,0.0
1998-10-22,0.0
1998-10-23,0.0
1998-10-24,0.0
1998-10-25,0.0
1998-10-26,0.0
1998-10-27,0.0
1998-10-28,0.0
1998-10-29,0.0
1998-10-30,0.0
1998-10-31,0.0
1998-11-01,0.0
1998-11-02,0.0
1998-11-03,0.0
1998-11-04,0.0
1998-11-05,0.0
1998-11-06,0.0
1998-11-07,0.0
1998-11-08,0.0
1998-11-09,0.0
1998-11-10,0.0
1998-11-11,0.0
1998-11-12,0.0
1998-11-13,0.0
1998-11-14,0.0
1998-11-15,0.0
1998-11-16,0.0
1998-11-17,0.0
1998-11-18,0.0
1998-11-19,0.0
1998-11-20,0.0
1998-11-21,0.0
1998-11-22,56.16
1998-11-23,56.16
1998-11-24,56.16
1998-11-25,0.0
1998-11-26,0.0
1998-11-27,0.0
1998-11-28,0.0
1998-11-29,0.0
1998-11-30,0.0
1998-12-01,3.6
1998-12-02,3.6
1998-12-03,3.6
1998-12-04,3.6
1998-12-05,3.6
1998-12-06,3.6
1998-12-07,3.6
1998-12-08,3.6
1998-12-09,3.6
1998-12-10,3.6
1998-12-11,3.6
1998-12-12,3.6
1998-12-13,3.6
1998-12-14,3.6
1998-12-15,3.6
1998-12-16,3.6
1998-12-17,3.6
1998-12-18,3.6
1998-12-19,3.6
1998-12-20,3.6
1998-12-21,3.6
1998-12-22,3.6
1998-12-23,3.6
1998-12-24,3.6
1998-12-25,3.6
1998-12-26,3.6
1998-12-27,3.6
1998-12-28,3.6
1998-12-29,3.6
1998-12-30,3.6
1998-12-31,3.6
1999-01-01,1.31
1999-01-02,1.31
1999-01-03,1.31
1999-01-04,1.31
1999-01-05,1.31
1999-01-06,1.31
1999-01-07,1.31
1999-01-08,1.31
1999-01-09,1.31
1999-01-10,1.31
1999-01-11,1.31
1999-01-12,1.31
1999-01-13,1.31
1999-01-14,1.31
1999-01-15,1.31
1999-01-16,1.31
1999-01-17,1.31
1999-01-18,1.31
1999-01-19,1.31
1999-01-20,1.31
1999-01-21,1.31
1999-01-22,1.31
1999-01-23,1.31
1999-01-24,1.31
1999-01-25,1.31
1999-01-26,1.31
1999-01-27,1.31
1999-01-28,1.31
1999-01-29,1.31
1999-01-30,1.31
1999-01-31,1.31
1999-02-01,0.0
1999-02-02,0.0
1999-02-03,0.0
1999-02-04,0.0
1999-02-05,0.0
1999-02-06,0.0
1999-02-07,0.0
1999-02-08,0.0
1999-02-09,0.0
1999-02-10,0.0
1999-02-11,0.0
1999-02-12,0.0
1999-02-13,0.0
1999-02-14,0.0
1999-02-15,0.0
1999-02-16,0.0
1999-02-17,0.0
1999-02-18,0.0
1999-02-19,0.0
1999-02-20,0.0
1999-02-21,0.0
1999-02-22,14.43
1999-02-23,14.43
1999-02-24,14.43
1999-02-25,14.43
1999-02-26,14.43
1999-02-27,14.43
1999-02-28,0.0
1999-03-01,0.0
1999-03-02,0.0
1999-03-03,0.0
1999-03-04,0.0
1999-03-05,0.0
1999-03-06,0.0
1999-03-07,0.0
1999-03-08,0.0
1999-03-09,0.0
1999-03-10,0.0
1999-03-11,0.0
1999-03-12,4.88
1999-03-13,0.0
1999-03-14,0.0
1999-03-15,0.0
1999-03-16,0.0
1999-03-17,0.0
1999-03-18,0.0
1999-03-19,0.0
1999-03-20,0.0
1999-03-21,0.0
1999-03-22,0.0
1999-03-23,0.0
1999-03-24,0.0
1999-03-25,0.0
1999-03-26,0.0
1999-03-27,0.0
1999-03-28,0.0
1999-03-29,0.0
1999-03-30,0.0
1999-03-31,0.0
1999-04-01,0.0
1999-04-02,0.0
1999-04-03,0.0
1999-04-04,6.47
1999-04-05,0.0
1999-04-06,11.42
1999-04-07,13.8
1999-04-08,31.3
1999-04-09,36.04
1999-04-10,22.05
1999-04-11,0.0
1999-04-12,0.0
1999-04-13,0.0
1999-04-14,0.0
1999-04-15,0.0
1999-04-16,5.45
1999-04-17,0.0
1999-04-18,10.46
1999-04-19,16.59
1999-04-20,21.07
1999-04-21,14.48
1999-04-22,0.0
1999-04-23,12.28
1999-04-24,8.1
1999-04-25,3.98
1999-04-26,0.0
1999-04-27,7.74
1999-04-28,5.99
1999-04-29,3.51
1999-04-30,0.0
1999-05-01,0.0
1999-05-02,0.0
1999-05-03,8.28
1999-05-04,25.97
1999-05-05,28.09
1999-05-06,15.2
1999-05-07,10.25
1999-05-08,5.04
1999-05-09,5.04
1999-05-10,0.0
1999-05-11,26.56
1999-05-12,12.37
1999-05-13,26.92
1999-05-14,13.77
1999-05-15,12.0
1999-05-16,0.0
1999-05-17,5.04
1999-05-18,21.84
1999-05-19,11.19
1999-05-20,14.06
1999-05-21,8.28
1999-05-22,25.38
1999-05-23,19.12
1999-05-24,21.58
1999-05-25,24.94
1999-05-26,14.34
1999-05-27,10.74
1999-05-28,10.74
1999-05-29,10.74
1999-05-30,14.88
1999-05-31,42.13
1999-06-01,60.06
1999-06-02,26.52
1999-06-03,18.44
1999-06-04,32.64
1999-06-05,31.24
1999-06-06,32.15
1999-06-07,33.53
1999-06-08,23.56
1999-06-09,12.66
1999-06-10,3.96
1999-06-11,6.75
1999-06-12,10.04
1999-06-13,5.17
1999-06-14,8.48
1999-06-15,10.04
1999-06-16,12.17
1999-06-17,17.91
1999-06-18,16.25
1999-06-19,32.36
1999-06-20,23.21
1999-06-21,23.47
1999-06-22,7.49
1999-06-23,5.17
1999-06-24,20.53
1999-06-25,8.91
1999-06-26,8.91
1999-06-27,14.42
1999-06-28,8.01
1999-06-29,8.01
1999-06-30,9.32
1999-07-01,12.57
1999-07-02,13.04
1999-07-03,10.86
1999-07-04,9.18
1999-07-05,7.45
1999-07-06,10.35
1999-07-07,12.57
1999-07-08,22.66
1999-07-09,7.45
1999-07-10,4.95
1999-07-11,0.0
1999-07-12,9.79
1999-07-13,14.66
1999-07-14,18.58
1999-07-15,19.75
1999-07-16,17.04
1999-07-17,10.86
1999-07-18,10.86
1999-07-19,29.32
1999-07-20,15.57
1999-07-21,36.5
1999-07-22,16.81
1999-07-23,19.57
1999-07-24,17.27
1999-07-25,28.14
1999-07-26,17.27
1999-07-27,37.94
1999-07-28,46.11
1999-07-29,37.45
1999-07-30,18.58
1999-07-31,29.69
1999-08-01,39.78
1999-08-02,42.83
1999-08-03,36.76
1999-08-04,29.91
1999-08-05,28.57
1999-08-06,22.97
1999-08-07,8.58
1999-08-08,0.0
1999-08-09,10.22
1999-08-10,32.14
1999-08-11,0.0
1999-08-12,0.0
1999-08-13,0.0
1999-08-14,0.0
1999-08-15,0.0
1999-08-16,0.0
1999-08-17,24.6
1999-08-18,33.6
1999-08-19,11.33
1999-08-20,14.15
1999-08-21,15.81
1999-08-22,23.64
1999-08-23,12.18
1999-08-24,0.0
1999-08-25,0.0
1999-08-26,0.0
1999-08-27,26.76
1999-08-28,0.0
1999-08-29,12.18
1999-08-30,0.0
1999-08-31,0.0
1999-09-01,0.0
1999-09-02,0.0
1999-09-03,0.0
1999-09-04,0.0
1999-09-05,0.0
1999-09-06,0.0
1999-09-07,0.0
1999-09-08,0.0
1999-09-09,0.0
1999-09-10,0.0
1999-09-11,0.0
1999-09-12,0.0
1999-09-13,34.32
1999-09-14,0.0
1999-09-15,34.32
1999-09-16,34.32
1999-09-17,34.32
1999-09-18,0.0
1999-09-19,34.32
1999-09-20,0.0
1999-09-21,0.0
1999-09-22,0.0
1999-09-23,0.0
1999-09-24,0.0
1999-09-25,0.0
1999-09-26,0.0
1999-09-27,0.0
1999-09-28,0.0
1999-09-29,0.0
1999-09-30,0.0
1999-10-01,0.0
1999-10-02,0.0
1999-10-03,0.0
1999-10-04,52.7
1999-10-05,0.0
1999-10-06,0.0
1999-10-07,52.7
1999-10-08,0.0
1999-10-09,0.0
1999-10-10,0.0
1999-10-11,52.7
1999-10-12,52.7
1999-10-13,52.7
1999-10-14,0.0
1999-10-15,0.0
1999-10-16,0.0
1999-10-17,0.0
1999-10-18,0.0
1999-10-19,0.0
1999-10-20,0.0
1999-10-21,0.0
1999-10-22,52.7
1999-10-23,0.0
1999-10-24,0.0
1999-10-25,0.0
1999-10-26,0.0
1999-10-27,0.0
1999-10-28,0.0
1999-10-29,0.0
1999-10-30,0.0
1999-10-31,0.0
1999-11-01,56.16
1999-11-02,56.16
1999-11-03,56.16
1999-11-04,56.16
1999-11-05,56.16
1999-11-06,0.0
1999-11-07,0.0
1999-11-08,0.0
1999-11-09,0.0
1999-11-10,0.0
1999-11-11,0.0
1999-11-12,56.16
1999-11-13,56.16
1999-11-14,0.0
1999-11-15,0.0
1999-11-16,0.0
1999-11-17,0.0
1999-11-18,0.0
1999-11-19,0.0
1999-11-20,0.0
1999-11-21,0.0
1999-11-22,0.0
1999-11-23,0.0
1999-11-24,0.0
1999-11-25,0.0
1999-11-26,0.0
1999-11-27,0.0
1999-11-28,0.0
1999-11-29,0.0
1999-11-30,0.0
1999-12-01,3.6
1999-12-02,3.6
1999-12-03,3.6
1999-12-04,3.6
1999-12-05,3.6
1999-12-06,3.6
1999-12-07,3.6
1999-12-08,3.6
1999-12-09,3.6
1999-12-10,3.6
1999-12-11,3.6
1999-12-12,3.6
1999-12-13,3.6
1999-12-14,3.6
1999-12-15,3.6
1999-12-16,3.6
1999-12-17,3.6
1999-12-18,3.6
1999-12-19,3.6
1999-12-20,3.6
1999-12-21,3.6
1999-12-22,3.6
1999-12-23,3.6
1999-12-24,3.6
1999-12-25,3.6
1999-12-26,3.6
1999-12-27,3.6
1999-12-28,3.6
1999-12-29,3.6
1999-12-30,3.6
1999-12-31,3.6
2000-01-01,1.31
2000-01-02,1.31
2000-01-03,1.31
2000-01-04,1.31
2000-01-05,1.31
2000-01-06,1.31
2000-01-07,1.31
2000-01-08,1.31
2000-01-09,1.31
2000-01-10,1.31
2000-01-11,1.31
2000-01-12,1.31
2000-01-13,1.31
2000-01-14,1.31
2000-01-15,1.31
2000-01-16,1.31
2000-01-17,1.31
2000-01-18,1.31
2000-01-19,1.31
2000-01-20,1.31
2000-01-21,1.31
2000-01-22,1.31
2000-01-23,1.31
2000-01-24,1.31
2000-01-25,1.31
2000-01-26,1.31
2000-01-27,1.31
2000-01-28,1.31
2000-01-29,1.31
2000-01-30,1.31
2000-01-31,1.31
2000-02-01,0.0
2000-02-02,14.43
2000-02-03,14.43
2000-02-04,14.43
2000-02-05,14.43
2000-02-06,0.0
2000-02-07,0.0
2000-02-08,0.0
2000-02-09,14.43
2000-02-10,0.0
2000-02-11,0.0
2000-02-12,14.43
2000-02-13,14.43
2000-02-14,0.0
2000-02-15,0.0
2000-02-16,0.0
2000-02-17,0.0
2000-02-18,0.0
2000-02-19,0.0
2000-02-20,0.0
2000-02-21,0.0
2000-02-22,14.43
2000-02-23,14.43
2000-02-24,0.0
2000-02-25,0.0
2000-02-26,0.0
2000-02-27,0.0
2000-02-28,0.0
2000-02-29,0.0
2000-03-01,4.08
2000-03-02,4.08
2000-03-03,0.0
2000-03-04,0.0
2000-03-05,0.0
2000-03-06,0.0
2000-03-07,0.0
2000-03-08,0.0
2000-03-09,0.0
2000-03-10,0.0
2000-03-11,4.08
2000-03-12,4.88
2000-03-13,4.5
2000-03-14,8.87
2000-03-15,11.66
2000-03-16,2.93
2000-03-17,9.57
2000-03-18,6.18
2000-03-19,4.88
2000-03-20,0.0
2000-03-21,0.0
2000-03-22,0.0
2000-03-23,12.91
2000-03-24,25.9
2000-03-25,13.71
2000-03-26,6.97
2000-03-27,0.0
2000-03-28,33.5
2000-03-29,14.02
2000-03-30,21.69
2000-03-31,15.24
2000-04-01,13.07
2000-04-02,0.0
2000-04-03,0.0
2000-04-04,3.98
2000-04-05,6.47
2000-04-06,0.0
2000-04-07,0.0
2000-04-08,13.8
2000-04-09,24.04
2000-04-10,22.89
2000-04-11,20.24
2000-04-12,0.0
2000-04-13,0.0
2000-04-14,0.0
2000-04-15,10.97
2000-04-16,14.82
2000-04-17,0.0
2000-04-18,0.0
2000-04-19,0.0
2000-04-20,0.0
2000-04-21,9.96
2000-04-22,19.0
2000-04-23,26.14
2000-04-24,16.11
2000-04-25,9.52
2000-04-26,0.0
2000-04-27,11.87
2000-04-28,11.77
2000-04-29,2.95
2000-04-30,17.22
2000-05-01,39.05
2000-05-02,16.8
2000-05-03,14.06
2000-05-04,0.0
2000-05-05,0.0
2000-05-06,0.0
2000-05-07,0.0
2000-05-08,6.46
2000-05-09,31.15
2000-05-10,20.99
2000-05-11,34.65
2000-05-12,30.86
2000-05-13,23.61
2000-05-14,8.28
2000-05-15,0.0
2000-05-16,0.0
2000-05-17,0.0
2000-05-18,0.0
2000-05-19,0.0
2000-05-20,0.0
2000-05-21,0.0
2000-05-22,30.57
2000-05-23,29.34
2000-05-24,31.43
2000-05-25,8.28
2000-05-26,0.0
2000-05-27,0.0
2000-05-28,0.0
2000-05-29,0.0
2000-05-30,20.99
2000-05-31,0.0
2000-06-01,0.0
2000-06-02,6.75
2000-06-03,32.15
2000-06-04,26.22
2000-06-05,20.31
2000-06-06,11.64
2000-06-07,11.08
2000-06-08,6.75
2000-06-09,6.75
2000-06-10,8.91
2000-06-11,0.0
2000-06-12,0.0
2000-06-13,0.0
2000-06-14,11.64
2000-06-15,19.35
2000-06-16,22.44
2000-06-17,38.25
2000-06-18,42.4
2000-06-19,26.83
2000-06-20,21.63
2000-06-21,10.38
2000-06-22,5.17
2000-06-23,8.01
2000-06-24,5.17
2000-06-25,0.0
2000-06-26,26.52
2000-06-27,26.22
2000-06-28,0.0
2000-06-29,0.0
2000-06-30,0.0
2000-07-01,0.0
2000-07-02,0.0
2000-07-03,0.0
2000-07-04,27.34
2000-07-05,15.57
2000-07-06,17.27
2000-07-07,11.33
2000-07-08,24.81
2000-07-09,16.33
2000-07-10,26.12
2000-07-11,16.57
2000-07-12,27.11
2000-07-13,28.93
2000-07-14,10.86
2000-07-15,13.39
2000-07-16,15.83
2000-07-17,15.23
2000-07-18,13.39
2000-07-19,10.86
2000-07-20,6.41
2000-07-21,0.0
2000-07-22,0.0
2000-07-23,0.0
2000-07-24,0.0
2000-07-25,0.0
2000-07-26,0.0
2000-07-27,0.0
2000-07-28,0.0
2000-07-29,0.0
2000-07-30,0.0
2000-07-31,0.0
2000-08-01,0.0
2000-08-02,0.0
2000-08-03,0.0
2000-08-04,0.0
2000-08-05,0.0
2000-08-06,31.06
2000-08-07,10.22
2000-08-08,14.62
2000-08-09,20.74
2000-08-10,33.32
2000-08-11,33.48
2000-08-12,24.48
2000-08-13,23.42
2000-08-14,22.73
2000-08-15,26.76
2000-08-16,28.93
2000-08-17,12.18
2000-08-18,0.0
2000-08-19,0.0
2000-08-20,27.36
2000-08-21,0.0
2000-08-22,0.0
2000-08-23,0.0
2000-08-24,0.0
2000-08-25,0.0
2000-08-26,28.43
2000-08-27,0.0
2000-08-28,0.0
2000-08-29,0.0
2000-08-30,0.0
2000-08-31,0.0
2000-09-01,0.0
2000-09-02,0.0
2000-09-03,0.0
2000-09-04,0.0
2000-09-05,0.0
2000-09-06,34.32
2000-09-07,34.32
2000-09-08,34.32
2000-09-09,34.32
2000-09-10,0.0
2000-09-11,0.0
2000-09-12,0.0
2000-09-13,0.0
2000-09-14,0.0
2000-09-15,34.32
2000-09-16,34.32
2000-09-17,0.0
2000-09-18,0.0
2000-09-19,0.0
2000-09-20,0.0
2000-09-21,0.0
2000-09-22,34.32
2000-09-23,0.0
2000-09-24,0.0
2000-09-25,0.0
2000-09-26,0.0
2000-09-27,0.0
2000-09-28,0.0
2000-09-29,34.32
2000-09-30,34.32
2000-10-01,52.7
2000-10-02,0.0
2000-10-03,52.7
2000-10-04,52.7
2000-10-05,52.7
2000-10-06,0.0
2000-10-07,0.0
2000-10-08,0.0
2000-10-09,0.0
2000-10-10,0.0
2000-10-11,0.0
2000-10-12,52.7
2000-10-13,52.7
2000-10-14,52.7
2000-10-15,52.7
2000-10-16,0.0
2000-10-17,0.0
2000-10-18,0.0
2000-10-19,0.0
2000-10-20,0.0
2000-10-21,52.7
2000-10-22,52.7
2000-10-23,52.7
2000-10-24,0.0
2000-10-25,0.0
2000-10-26,0.0
2000-10-27,0.0
2000-10-28,0.0
2000-10-29,0.0
2000-10-30,0.0
2000-10-31,0.0
2000-11-01,0.0
2000-11-02,0.0
2000-11-03,0.0
2000-11-04,0.0
2000-11-05,0.0
2000-11-06,0.0
2000-11-07,0.0
2000-11-08,0.0
2000-11-09,0.0
2000-11-10,0.0
2000-11-11,0.0
2000-11-12,0.0
2000-11-13,0.0
2000-11-14,0.0
2000-11-15,0.0
2000-11-16,0.0
2000-11-17,0.0
2000-11-18,0.0
2000-11-19,0.0
2000-11-20,0.0
2000-11-21,0.0
2000-11-22,0.0
2000-11-23,0.0
2000-11-24,0.0
2000-11-25,0.0
2000-11-26,0.0
2000-11-27,0.0
2000-11-28,0.0
2000-11-29,56.16
2000-11-30,56.16
2000-12-01,3.6
2000-12-02,3.6
2000-12-03,3.6
2000-12-04,3.6
2000-12-05,3.6
2000-12-06,3.6
2000-12-07,3.6
2000-12-08,3.6
2000-12-09,3.6
2000-12-10,3.6
2000-12-11,3.6
2000-12-12,3.6
2000-12-13,3.6
2000-12-14,3.6
2000-12-15,3.6
2000-12-16,3.6
2000-12-17,3.6
2000-12-18,3.6
2000-12-19,3.6
2000-12-20,3.6
2000-12-21,3.6
2000-12-22,3.6
2000-12-23,3.6
2000-12-24,3.6
2000-12-25,3.6
2000-12-26,3.6
2000-12-27,3.6
2000-12-28,3.6
2000-12-29,3.6
2000-12-30,3.6
2000-12-31,3.6
2001-01-01,1.31
2001-01-02,1.31
2001-01-03,1.31
2001-01-04,1.31
2001-01-05,1.31
2001-01-06,1.31
2001-01-07,1.31
2001-01-08,1.31
2001-01-09,1.31
2001-01-10,1.31
2001-01-11,1.31
2001-01-12,1.31
2001-01-13,1.31
2001-01-14,1.31
2001-01-15,1.31
2001-01-16,1.31
2001-01-17,1.31
2001-01-18,1.31
2001-01-19,1.31
2001-01-20,1.31
2001-01-21,1.31
2001-01-22,1.31
2001-01-23,1.31
2001-01-24,1.31
2001-01-25,1.31
2001-01-26,1.31
2001-01-27,1.31
2001-01-28,1.31
2001-01-29,1.31
2001-01-30,1.31
2001-01-31,1.31
2001-02-01,0.0
2001-02-02,0.0
2001-02-03,0.0
2001-02-04,0.0
2001-02-05,0.0
2001-02-06,0.0
2001-02-07,0.0
2001-02-08,0.0
2001-02-09,0.0
2001-02-10,0.0
2001-02-11,0.0
2001-02-12,0.0
2001-02-13,0.0
2001-02-14,0.0
2001-02-15,0.0
2001-02-16,0.0
2001-02-17,0.0
2001-02-18,0.0
2001-02-19,0.0
2001-02-20,0.0
2001-02-21,0.0
2001-02-22,0.0
2001-02-23,0.0
2001-02-24,0.0
2001-02-25,0.0
2001-02-26,14.43
2001-02-27,14.43
2001-02-28,14.43
2001-03-01,0.0
2001-03-02,8.87
2001-03-03,15.9
2001-03-04,19.83
2001-03-05,0.0
2001-03-06,2.13
2001-03-07,0.0
2001-03-08,4.88
2001-03-09,2.93
2001-03-10,0.0
2001-03-11,0.0
2001-03-12,0.0
2001-03-13,19.03
2001-03-14,12.91
2001-03-15,16.22
2001-03-16,4.88
2001-03-17,15.1
2001-03-18,14.49
2001-03-19,15.62
2001-03-20,9.57
2001-03-21,8.5
2001-03-22,11.12
2001-03-23,11.38
2001-03-24,16.35
2001-03-25,25.8
2001-03-26,22.81
2001-03-27,4.08
2001-03-28,4.08
2001-03-29,4.88
2001-03-30,0.0
2001-03-31,12.54
2001-04-01,41.12
2001-04-02,24.38
2001-04-03,30.46
2001-04-04,25.53
2001-04-05,14.98
2001-04-06,10.74
2001-04-07,15.59
2001-04-08,13.45
2001-04-09,19.57
2001-04-10,13.8
2001-04-11,17.92
2001-04-12,13.97
2001-04-13,0.0
2001-04-14,0.0
2001-04-15,0.0
2001-04-16,0.0
2001-04-17,0.0
2001-04-18,0.0
2001-04-19,0.0
2001-04-20,21.47
2001-04-21,13.45
2001-04-22,0.0
2001-04-23,0.0
2001-04-24,0.0
2001-04-25,0.0
2001-04-26,0.0
2001-04-27,0.0
2001-04-28,0.0
2001-04-29,0.0
2001-04-30,0.0
2001-05-01,0.0
2001-05-02,0.0
2001-05-03,0.0
2001-05-04,0.0
2001-05-05,0.0
2001-05-06,0.0
2001-05-07,0.0
2001-05-08,0.0
2001-05-09,0.0
2001-05-10,0.0
2001-05-11,0.0
2001-05-12,0.0
2001-05-13,50.86
2001-05-14,63.42
2001-05-15,38.43
2001-05-16,30.86
2001-05-17,49.77
2001-05-18,55.59
2001-05-19,45.19
2001-05-20,6.46
2001-05-21,6.46
2001-05-22,47.17
2001-05-23,96.81
2001-05-24,48.37
2001-05-25,27.65
2001-05-26,30.23
2001-05-27,11.6
2001-05-28,0.0
2001-05-29,0.0
2001-05-30,11.19
2001-05-31,20.42
2001-06-01,20.99
2001-06-02,5.17
2001-06-03,6.75
2001-06-04,12.66
2001-06-05,14.42
2001-06-06,6.75
2001-06-07,11.64
2001-06-08,13.17
2001-06-09,12.66
2001-06-10,8.91
2001-06-11,8.91
2001-06-12,9.69
2001-06-13,12.66
2001-06-14,12.17
2001-06-15,11.64
2001-06-16,17.17
2001-06-17,8.01
2001-06-18,22.03
2001-06-19,28.51
2001-06-20,25.52
2001-06-21,13.39
2001-06-22,27.41
2001-06-23,8.91
2001-06-24,0.0
2001-06-25,6.75
2001-06-26,12.66
2001-06-27,23.21
2001-06-28,21.63
2001-06-29,24.27
2001-06-30,27.82
2001-07-01,26.23
2001-07-02,41.75
2001-07-03,50.78
2001-07-04,60.51
2001-07-05,28.55
2001-07-06,0.0
2001-07-07,0.0
2001-07-08,28.65
2001-07-09,4.95
2001-07-10,14.36
2001-07-11,20.6
2001-07-12,22.23
2001-07-13,30.94
2001-07-14,25.05
2001-07-15,30.41
2001-07-16,24.29
2001-07-17,21.75
2001-07-18,16.33
2001-07-19,8.29
2001-07-20,10.86
2001-07-21,0.0
2001-07-22,11.77
2001-07-23,10.86
2001-07-24,21.13
2001-07-25,24.04
2001-07-26,25.29
2001-07-27,46.88
2001-07-28,59.49
2001-07-29,70.49
2001-07-30,67.07
2001-07-31,86.2
2001-08-01,64.6
2001-08-02,63.22
2001-08-03,53.22
2001-08-04,50.74
2001-08-05,47.1
2001-08-06,48.92
2001-08-07,40.16
2001-08-08,37.96
2001-08-09,30.29
2001-08-10,21.94
2001-08-11,16.15
2001-08-12,13.63
2001-08-13,10.22
2001-08-14,0.0
2001-08-15,0.0
2001-08-16,28.93
2001-08-17,0.0
2001-08-18,0.0
2001-08-19,8.58
2001-08-20,0.0
2001-08-21,0.0
2001-08-22,0.0
2001-08-23,0.0
2001-08-24,0.0
2001-08-25,0.0
2001-08-26,10.22
2001-08-27,12.18
2001-08-28,0.0
2001-08-29,0.0
2001-08-30,12.18
2001-08-31,27.06
2001-09-01,34.32
2001-09-02,34.32
2001-09-03,0.0
2001-09-04,0.0
2001-09-05,0.0
2001-09-06,0.0
2001-09-07,0.0
2001-09-08,0.0
2001-09-09,0.0
2001-09-10,0.0
2001-09-11,0.0
2001-09-12,34.32
2001-09-13,34.32
2001-09-14,34.32
2001-09-15,34.32
2001-09-16,0.0
2001-09-17,0.0
2001-09-18,0.0
2001-09-19,34.32
2001-09-20,0.0
2001-09-21,0.0
2001-09-22,0.0
2001-09-23,0.0
2001-09-24,0.0
2001-09-25,0.0
2001-09-26,0.0
2001-09-27,0.0
2001-09-28,34.32
2001-09-29,0.0
2001-09-30,0.0
2001-10-01,0.0
2001-10-02,0.0
2001-10-03,0.0
2001-10-04,0.0
2001-10-05,0.0
2001-10-06,0.0
2001-10-07,52.7
2001-10-08,52.7
2001-10-09,0.0
2001-10-10,52.7
2001-10-11,52.7
2001-10-12,52.7
2001-10-13,52.7
2001-10-14,52.7
2001-10-15,52.7
2001-10-16,0.0
2001-10-17,0.0
2001-10-18,0.0
2001-10-19,0.0
2001-10-20,0.0
2001-10-21,0.0
2001-10-22,0.0
2001-10-23,0.0
2001-10-24,0.0
2001-10-25,0.0
2001-10-26,0.0
2001-10-27,0.0
2001-10-28,0.0
2001-10-29,0.0
2001-10-30,0.0
2001-10-31,0.0
2001-11-01,0.0
2001-11-02,56.16
2001-11-03,56.16
2001-11-04,56.16
2001-11-05,56.16
2001-11-06,0.0
2001-11-07,0.0
2001-11-08,0.0
2001-11-09,0.0
2001-11-10,0.0
2001-11-11,56.16
2001-11-12,56.16
2001-11-13,0.0
2001-11-14,0.0
2001-11-15,0.0
2001-11-16,0.0
2001-11-17,0.0
2001-11-18,0.0
2001-11-19,0.0
2001-11-20,0.0
2001-11-21,0.0
2001-11-22,0.0
2001-11-23,0.0
2001-11-24,0.0
2001-11-25,0.0
2001-11-26,0.0
2001-11-27,0.0
2001-11-28,0.0
2001-11-29,0.0
2001-11-30,0.0
2001-12-01,3.6
2001-12-02,3.6
2001-12-03,3.6
2001-12-04,3.6
2001-12-05,3.6
2001-12-06,3.6
2001-12-07,3.6
2001-12-08,3.6
2001-12-09,3.6
2001-12-10,3.6
2001-12-11,3.6
2001-12-12,3.6
2001-12-13,3.6
2001-12-14,3.6
2001-12-15,3.6
2001-12-16,3.6
2001-12-17,3.6
2001-12-18,3.6
2001-12-19,3.6
2001-12-20,3.6
2001-12-21,3.6
2001-12-22,3.6
2001-12-23,3.6
2001-12-24,3.6
2001-12-25,3.6
2001-12-26,3.6
2001-12-27,3.6
2001-12-28,3.6
2001-12-29,3.6
2001-12-30,3.6
2001-12-31,3.6
2002-01-01,1.31
2002-01-02,1.31
2002-01-03,1.31
2002-01-04,1.31
2002-01-05,1.31
2002-01-06,1.31
2002-01-07,1.31
2002-01-08,1.31
2002-01-09,1.31
2002-01-10,1.31
2002-01-11,1.31
2002-01-12,1.31
2002-01-13,1.31
2002-01-14,1.31
2002-01-15,1.31
2002-01-16,1.31
2002-01-17,1.31
2002-01-18,1.31
2002-01-19,1.31
2002-01-20,1.31
2002-01-21,1.31
2002-01-22,1.31
2002-01-23,1.31
2002-01-24,1.31
2002-01-25,1.31
2002-01-26,1.31
2002-01-27,1.31
2002-01-28,1.31
2002-01-29,1.31
2002-01-30,1.31
2002-01-31,1.31
2002-02-01,0.0
2002-02-02,0.0
2002-02-03,0.0
2002-02-04,14.43
2002-02-05,14.43
2002-02-06,14.43
2002-02-07,14.43
2002-02-08,14.43
2002-02-09,0.0
2002-02-10,0.0
2002-02-11,0.0
2002-02-12,0.0
2002-02-13,0.0
2002-02-14,0.0
2002-02-15,0.0
2002-02-16,0.0
2002-02-17,0.0
2002-02-18,0.0
2002-02-19,0.0
2002-02-20,0.0
2002-02-21,0.0
2002-02-22,0.0
2002-02-23,0.0
2002-02-24,0.0
2002-02-25,0.0
2002-02-26,0.0
2002-02-27,0.0
2002-02-28,14.43
2002-03-01,0.0
2002-03-02,0.0
2002-03-03,0.0
2002-03-04,4.08
2002-03-05,2.93
2002-03-06,27.25
2002-03-07,14.85
2002-03-08,0.0
2002-03-09,13.26
2002-03-10,0.0
2002-03-11,0.0
2002-03-12,6.18
2002-03-13,0.0
2002-03-14,0.0
2002-03-15,0.0
2002-03-16,4.5
2002-03-17,9.91
2002-03-18,10.29
2002-03-19,0.0
2002-03-20,15.58
2002-03-21,12.04
2002-03-22,7.68
2002-03-23,0.0
2002-03-24,11.38
2002-03-25,8.96
2002-03-26,10.82
2002-03-27,1.56
2002-03-28,0.0
2002-03-29,0.0
2002-03-30,0.0
2002-03-31,0.0
2002-04-01,0.0
2002-04-02,0.0
2002-04-03,0.0
2002-04-04,0.0
2002-04-05,0.0
2002-04-06,0.0
2002-04-07,0.0
2002-04-08,0.0
2002-04-09,0.0
2002-04-10,0.0
2002-04-11,0.0
2002-04-12,0.0
2002-04-13,0.0
2002-04-14,8.79
2002-04-15,0.0
2002-04-16,6.75
2002-04-17,6.97
2002-04-18,8.1
2002-04-19,0.0
2002-04-20,20.66
2002-04-21,23.96
2002-04-22,7.74
2002-04-23,12.88
2002-04-24,0.0
2002-04-25,0.0
2002-04-26,0.0
2002-04-27,0.0
2002-04-28,0.0
2002-04-29,0.0
2002-04-30,0.0
2002-05-01,0.0
2002-05-02,0.0
2002-05-03,0.0
2002-05-04,0.0
2002-05-05,0.0
2002-05-06,8.28
2002-05-07,8.28
2002-05-08,10.74
2002-05-09,12.37
2002-05-10,8.28
2002-05-11,0.0
2002-05-12,0.0
2002-05-13,0.0
2002-05-14,0.0
2002-05-15,29.97
2002-05-16,13.14
2002-05-17,29.65
2002-05-18,39.48
2002-05-19,36.18
2002-05-20,47.81
2002-05-21,51.54
2002-05-22,41.06
2002-05-23,31.0
2002-05-24,26.92
2002-05-25,15.92
2002-05-26,14.88
2002-05-27,24.94
2002-05-28,52.49
2002-05-29,62.69
2002-05-30,83.73
2002-05-31,75.96
2002-06-01,70.78
2002-06-02,79.33
2002-06-03,77.47
2002-06-04,49.4
2002-06-05,34.25
2002-06-06,18.86
2002-06-07,10.38
2002-06-08,6.75
2002-06-09,24.79
2002-06-10,22.03
2002-06-11,25.27
2002-06-12,38.91
2002-06-13,24.27
2002-06-14,19.85
2002-06-15,11.64
2002-06-16,11.64
2002-06-17,22.82
2002-06-18,21.2
2002-06-19,19.35
2002-06-20,18.57
2002-06-21,22.32
2002-06-22,22.03
2002-06-23,10.38
2002-06-24,0.0
2002-06-25,0.0
2002-06-26,11.64
2002-06-27,15.89
2002-06-28,20.31
2002-06-29,14.42
2002-06-30,16.57
2002-07-01,64.13
2002-07-02,77.42
2002-07-03,72.5
2002-07-04,65.21
2002-07-05,39.36
2002-07-06,36.82
2002-07-07,62.8
2002-07-08,41.12
2002-07-09,11.77
2002-07-10,0.0
2002-07-11,0.0
2002-07-12,0.0
2002-07-13,0.0
2002-07-14,0.0
2002-07-15,0.0
2002-07-16,0.0
2002-07-17,0.0
2002-07-18,0.0
2002-07-19,0.0
2002-07-20,0.0
2002-07-21,0.0
2002-07-22,25.78
2002-07-23,6.41
2002-07-24,4.95
2002-07-25,0.0
2002-07-26,0.0
2002-07-27,6.41
2002-07-28,8.29
2002-07-29,8.29
2002-07-30,8.29
2002-07-31,12.57
2002-08-01,16.15
2002-08-02,16.15
2002-08-03,27.06
2002-08-04,31.4
2002-08-05,32.74
2002-08-06,31.49
2002-08-07,28.93
2002-08-08,29.64
2002-08-09,30.61
2002-08-10,19.85
2002-08-11,14.62
2002-08-12,21.05
2002-08-13,27.06
2002-08-14,14.62
2002-08-15,14.62
2002-08-16,24.7
2002-08-17,21.34
2002-08-18,19.67
2002-08-19,14.62
2002-08-20,0.0
2002-08-21,19.29
2002-08-22,0.0
2002-08-23,0.0
2002-08-24,0.0
2002-08-25,0.0
2002-08-26,0.0
2002-08-27,0.0
2002-08-28,0.0
2002-08-29,0.0
2002-08-30,0.0
2002-08-31,0.0
2002-09-01,34.32
2002-09-02,34.32
2002-09-03,34.32
2002-09-04,34.32
2002-09-05,34.32
2002-09-06,0.0
2002-09-07,0.0
2002-09-08,0.0
2002-09-09,0.0
2002-09-10,0.0
2002-09-11,0.0
2002-09-12,0.0
2002-09-13,0.0
2002-09-14,0.0
2002-09-15,34.32
2002-09-16,0.0
2002-09-17,0.0
2002-09-18,0.0
2002-09-19,0.0
2002-09-20,34.32
2002-09-21,34.32
2002-09-22,34.32
2002-09-23,34.32
2002-09-24,0.0
2002-09-25,0.0
2002-09-26,0.0
2002-09-27,0.0
2002-09-28,34.32
2002-09-29,0.0
2002-09-30,0.0
2002-10-01,0.0
2002-10-02,0.0
2002-10-03,0.0
2002-10-04,0.0
2002-10-05,0.0
2002-10-06,0.0
2002-10-07,0.0
2002-10-08,0.0
2002-10-09,52.7
2002-10-10,0.0
2002-10-11,0.0
2002-10-12,0.0
2002-10-13,52.7
2002-10-14,52.7
2002-10-15,0.0
2002-10-16,0.0
2002-10-17,0.0
2002-10-18,0.0
2002-10-19,0.0
2002-10-20,0.0
2002-10-21,0.0
2002-10-22,0.0
2002-10-23,0.0
2002-10-24,0.0
2002-10-25,0.0
2002-10-26,0.0
2002-10-27,0.0
2002-10-28,0.0
2002-10-29,0.0
2002-10-30,0.0
2002-10-31,0.0
2002-11-01,0.0
2002-11-02,0.0
2002-11-03,0.0
2002-11-04,0.0
2002-11-05,0.0
2002-11-06,0.0
2002-11-07,0.0
2002-11-08,0.0
2002-11-09,0.0
2002-11-10,0.0
2002-11-11,0.0
2002-11-12,0.0
2002-11-13,0.0
2002-11-14,0.0
2002-11-15,0.0
2002-11-16,0.0
2002-11-17,0.0
2002-11-18,0.0
2002-11-19,0.0
2002-11-20,0.0
2002-11-21,0.0
2002-11-22,0.0
2002-11-23,0.0
2002-11-24,0.0
2002-11-25,0.0
2002-11-26,0.0
2002-11-27,0.0
2002-11-28,0.0
2002-11-29,0.0
2002-11-30,0.0
2002-12-01,3.6
2002-12-02,3.6
2002-12-03,3.6
2002-12-04,3.6
2002-12-05,3.6
2002-12-06,3.6
2002-12-07,3.6
2002-12-08,3.6
2002-12-09,3.6
2002-12-10,3.6
2002-12-11,3.6
2002-12-12,3.6
2002-12-13,3.6
2002-12-14,3.6
2002-12-15,3.6
2002-12-16,3.6
2002-12-17,3.6
2002-12-18,3.6
2002-12-19,3.6
2002-12-20,3.6
2002-12-21,3.6
2002-12-22,3.6
2002-12-23,3.6
2002-12-24,3.6
2002-12-25,3.6
2002-12-26,3.6
2002-12-27,3.6
2002-12-28,3.6
2002-12-29,3.6
2002-12-30,3.6
2002-12-31,3.6
2003-01-01,1.31
2003-01-02,1.31
2003-01-03,1.31
2003-01-04,1.31
2003-01-05,1.31
2003-01-06,1.31
2003-01-07,1.31
2003-01-08,1.31
2003-01-09,1.31
2003-01-10,1.31
2003-01-11,1.31
2003-01-12,1.31
2003-01-13,1.31
2003-01-14,1.31
2003-01-15,1.31
2003-01-16,1.31
2003-01-17,1.31
2003-01-18,1.31
2003-01-19,1.31
2003-01-20,1.31
2003-01-21,1.31
2003-01-22,1.31
2003-01-23,1.31
2003-01-24,1.31
2003-01-25,1.31
2003-01-26,1.31
2003-01-27,1.31
2003-01-28,1.31
2003-01-29,1.31
2003-01-30,1.31
2003-01-31,1.31
2003-02-01,0.0
2003-02-02,0.0
2003-02-03,0.0
2003-02-04,0.0
2003-02-05,0.0
2003-02-06,0.0
2003-02-07,0.0
2003-02-08,0.0
2003-02-09,0.0
2003-02-10,0.0
2003-02-11,0.0
2003-02-12,0.0
2003-02-13,0.0
2003-02-14,0.0
2003-02-15,0.0
2003-02-16,0.0
2003-02-17,0.0
2003-02-18,0.0
2003-02-19,14.43
2003-02-20,14.43
2003-02-21,0.0
2003-02-22,0.0
2003-02-23,14.43
2003-02-24,0.0
2003-02-25,0.0
2003-02-26,0.0
2003-02-27,0.0
2003-02-28,0.0
2003-03-01,0.0
2003-03-02,0.0
2003-03-03,0.0
2003-03-04,0.0
2003-03-05,0.0
2003-03-06,19.68
2003-03-07,11.92
2003-03-08,0.0
2003-03-09,6.18
2003-03-10,3.59
2003-03-11,11.25
2003-03-12,7.46
2003-03-13,11.45
2003-03-14,29.62
2003-03-15,44.09
2003-03-16,38.08
2003-03-17,24.02
2003-03-18,16.54
2003-03-19,8.09
2003-03-20,4.5
2003-03-21,2.13
2003-03-22,7.68
2003-03-23,0.0
2003-03-24,0.0
2003-03-25,0.0
2003-03-26,0.0
2003-03-27,0.0
2003-03-28,0.0
2003-03-29,16.35
2003-03-30,29.24
2003-03-31,21.82
2003-04-01,23.69
2003-04-02,12.69
2003-04-03,0.0
2003-04-04,0.0
2003-04-05,0.0
2003-04-06,0.0
2003-04-07,0.0
2003-04-08,0.0
2003-04-09,0.0
2003-04-10,15.13
2003-04-11,22.8
2003-04-12,0.0
2003-04-13,12.28
2003-04-14,14.82
2003-04-15,19.57
2003-04-16,0.0
2003-04-17,0.0
2003-04-18,0.0
2003-04-19,16.04
2003-04-20,0.0
2003-04-21,3.98
2003-04-22,16.59
2003-04-23,12.28
2003-04-24,0.0
2003-04-25,0.0
2003-04-26,0.0
2003-04-27,0.0
2003-04-28,0.0
2003-04-29,0.0
2003-04-30,14.82
2003-05-01,8.28
2003-05-02,25.38
2003-05-03,19.12
2003-05-04,31.99
2003-05-05,29.97
2003-05-06,34.05
2003-05-07,26.18
2003-05-08,31.99
2003-05-09,8.28
2003-05-10,0.0
2003-05-11,12.37
2003-05-12,0.0
2003-05-13,15.92
2003-05-14,26.18
2003-05-15,42.42
2003-05-16,31.43
2003-05-17,30.86
2003-05-18,59.87
2003-05-19,42.75
2003-05-20,31.08
2003-05-21,12.81
2003-05-22,31.65
2003-05-23,12.37
2003-05-24,14.88
2003-05-25,12.37
2003-05-26,11.19
2003-05-27,13.77
2003-05-28,17.01
2003-05-29,12.37
2003-05-30,8.28
2003-05-31,10.74
2003-06-01,15.55
2003-06-02,36.97
2003-06-03,45.55
2003-06-04,29.55
2003-06-05,15.2
2003-06-06,12.66
2003-06-07,14.42
2003-06-08,14.02
2003-06-09,10.38
2003-06-10,24.79
2003-06-11,38.66
2003-06-12,34.04
2003-06-13,27.75
2003-06-14,15.38
2003-06-15,19.59
2003-06-16,31.35
2003-06-17,32.79
2003-06-18,35.97
2003-06-19,44.32
2003-06-20,37.91
2003-06-21,20.08
2003-06-22,24.79
2003-06-23,33.48
2003-06-24,30.05
2003-06-25,27.41
2003-06-26,27.9
2003-06-27,29.8
2003-06-28,23.21
2003-06-29,24.27
2003-06-30,33.01
2003-07-01,47.97
2003-07-02,70.15
2003-07-03,76.16
2003-07-04,46.46
2003-07-05,34.24
2003-07-06,28.93
2003-07-07,23.22
2003-07-08,16.57
2003-07-09,24.69
2003-07-10,27.85
2003-07-11,9.79
2003-07-12,12.18
2003-07-13,14.95
2003-07-14,12.57
2003-07-15,7.45
2003-07-16,13.39
2003-07-17,14.05
2003-07-18,11.77
2003-07-19,9.18
2003-07-20,4.95
2003-07-21,0.0
2003-07-22,0.0
2003-07-23,0.0
2003-07-24,0.0
2003-07-25,0.0
2003-07-26,26.23
2003-07-27,0.0
2003-07-28,0.0
2003-07-29,0.0
2003-07-30,0.0
2003-07-31,0.0
2003-08-01,16.55
2003-08-02,17.67
2003-08-03,27.63
2003-08-04,21.2
2003-08-05,23.42
2003-08-06,20.74
2003-08-07,26.6
2003-08-08,0.0
2003-08-09,0.0
2003-08-10,18.39
2003-08-11,21.94
2003-08-12,18.39
2003-08-13,13.63
2003-08-14,10.22
2003-08-15,13.63
2003-08-16,15.44
2003-08-17,17.92
2003-08-18,15.44
2003-08-19,12.18
2003-08-20,12.18
2003-08-21,17.41
2003-08-22,12.18
2003-08-23,32.23
2003-08-24,42.63
2003-08-25,31.96
2003-08-26,13.04
2003-08-27,0.0
2003-08-28,20.41
2003-08-29,26.13
2003-08-30,0.0
2003-08-31,0.0
2003-09-01,0.0
2003-09-02,0.0
2003-09-03,0.0
2003-09-04,0.0
2003-09-05,0.0
2003-09-06,0.0
2003-09-07,0.0
2003-09-08,0.0
2003-09-09,0.0
2003-09-10,0.0
2003-09-11,0.0
2003-09-12,0.0
2003-09-13,34.32
2003-09-14,0.0
2003-09-15,0.0
2003-09-16,0.0
2003-09-17,0.0
2003-09-18,0.0
2003-09-19,34.32
2003-09-20,34.32
2003-09-21,0.0
2003-09-22,0.0
2003-09-23,0.0
2003-09-24,0.0
2003-09-25,0.0
2003-09-26,0.0
2003-09-27,0.0
2003-09-28,0.0
2003-09-29,34.32
2003-09-30,0.0
2003-10-01,0.0
2003-10-02,0.0
2003-10-03,52.7
2003-10-04,52.7
2003-10-05,52.7
2003-10-06,52.7
2003-10-07,0.0
2003-10-08,0.0
2003-10-09,0.0
2003-10-10,0.0
2003-10-11,0.0
2003-10-12,0.0
2003-10-13,0.0
2003-10-14,0.0
2003-10-15,0.0
2003-10-16,0.0
2003-10-17,0.0
2003-10-18,52.7
2003-10-19,0.0
2003-10-20,0.0
2003-10-21,0.0
2003-10-22,0.0
2003-10-23,0.0
2003-10-24,0.0
2003-10-25,0.0
2003-10-26,0.0
2003-10-27,0.0
2003-10-28,0.0
2003-10-29,0.0
2003-10-30,0.0
2003-10-31,0.0
2003-11-01,0.0
2003-11-02,0.0
2003-11-03,0.0
2003-11-04,0.0
2003-11-05,0.0
2003-11-06,0.0
2003-11-07,0.0
2003-11-08,0.0
2003-11-09,0.0
2003-11-10,0.0
2003-11-11,0.0
2003-11-12,0.0
2003-11-13,0.0
2003-11-14,0.0
2003-11-15,0.0
2003-11-16,0.0
2003-11-17,0.0
2003-11-18,0.0
2003-11-19,0.0
2003-11-20,0.0
2003-11-21,0.0
2003-11-22,0.0
2003-11-23,0.0
2003-11-24,0.0
2003-11-25,0.0
2003-11-26,0.0
2003-11-27,0.0
2003-11-28,0.0
2003-11-29,0.0
2003-11-30,0.0
2003-12-01,3.6
2003-12-02,3.6
2003-12-03,3.6
2003-12-04,3.6
2003-12-05,3.6
2003-12-06,3.6
2003-12-07,3.6
2003-12-08,3.6
2003-12-09,3.6
2003-12-10,3.6
2003-12-11,3.6
2003-12-12,3.6
2003-12-13,3.6
2003-12-14,3.6
2003-12-15,3.6
2003-12-16,3.6
2003-12-17,3.6
2003-12-18,3.6
2003-12-19,3.6
2003-12-20,3.6
2003-12-21,3.6
2003-12-22,3.6
2003-12-23,3.6
2003-12-24,3.6
2003-12-25,3.6
2003-12-26,3.6
2003-12-27,3.6
2003-12-28,3.6
2003-12-29,3.6
2003-12-30,3.6
2003-12-31,3.6
2004-01-01,1.31
2004-01-02,1.31
2004-01-03,1.31
2004-01-04,1.31
2004-01-05,1.31
2004-01-06,1.31
2004-01-07,1.31
2004-01-08,1.31
2004-01-09,1.31
2004-01-10,1.31
2004-01-11,1.31
2004-01-12,1.31
2004-01-13,1.31
2004-01-14,1.31
2004-01-15,1.31
2004-01-16,1.31
2004-01-17,1.31
2004-01-18,1.31
2004-01-19,1.31
2004-01-20,1.31
2004-01-21,1.31
2004-01-22,1.31
2004-01-23,1.31
2004-01-24,1.31
2004-01-25,1.31
2004-01-26,1.31
2004-01-27,1.31
2004-01-28,1.31
2004-01-29,1.31
2004-01-30,1.31
2004-01-31,1.31
2004-02-01,0.0
2004-02-02,0.0
2004-02-03,0.0
2004-02-04,0.0
2004-02-05,0.0
2004-02-06,0.0
2004-02-07,0.0
2004-02-08,14.43
2004-02-09,14.43
2004-02-10,0.0
2004-02-11,14.43
2004-02-12,14.43
2004-02-13,14.43
2004-02-14,0.0
2004-02-15,0.0
2004-02-16,0.0
2004-02-17,0.0
2004-02-18,0.0
2004-02-19,0.0
2004-02-20,0.0
2004-02-21,14.43
2004-02-22,14.43
2004-02-23,14.43
2004-02-24,14.43
2004-02-25,14.43
2004-02-26,14.43
2004-02-27,14.43
2004-02-28,14.43
2004-02-29,14.43
2004-03-01,9.73
2004-03-02,9.91
2004-03-03,0.0
2004-03-04,0.0
2004-03-05,8.87
2004-03-06,0.0
2004-03-07,12.18
2004-03-08,8.09
2004-03-09,9.24
2004-03-10,9.49
2004-03-11,6.73
2004-03-12,21.48
2004-03-13,25.78
2004-03-14,31.48
2004-03-15,2.13
2004-03-16,8.09
2004-03-17,11.12
2004-03-18,6.35
2004-03-19,2.93
2004-03-20,20.45
2004-03-21,19.5
2004-03-22,17.05
2004-03-23,0.0
2004-03-24,2.13
2004-03-25,0.0
2004-03-26,0.0
2004-03-27,13.08
2004-03-28,10.96
2004-03-29,11.79
2004-03-30,3.59
2004-03-31,0.0
2004-04-01,0.0
2004-04-02,0.0
2004-04-03,0.0
2004-04-04,8.1
2004-04-05,0.0
2004-04-06,0.0
2004-04-07,11.66
2004-04-08,9.96
2004-04-09,0.0
2004-04-10,8.1
2004-04-11,14.16
2004-04-12,11.87
2004-04-13,6.47
2004-04-14,14.08
2004-04-15,25.99
2004-04-16,11.42
2004-04-17,3.98
2004-04-18,0.0
2004-04-19,0.0
2004-04-20,0.0
2004-04-21,5.45
2004-04-22,0.0
2004-04-23,0.0
2004-04-24,0.0
2004-04-25,0.0
2004-04-26,0.0
2004-04-27,17.92
2004-04-28,11.42
2004-04-29,18.41
2004-04-30,23.34
2004-05-01,59.42
2004-05-02,43.67
2004-05-03,36.13
2004-05-04,35.69
2004-05-05,22.64
2004-05-06,8.28
2004-05-07,0.0
2004-05-08,0.0
2004-05-09,20.99
2004-05-10,0.0
2004-05-11,0.0
2004-05-12,0.0
2004-05-13,0.0
2004-05-14,19.77
2004-05-15,23.35
2004-05-16,7.47
2004-05-17,8.28
2004-05-18,8.28
2004-05-19,10.74
2004-05-20,10.74
2004-05-21,12.37
2004-05-22,14.88
2004-05-23,0.0
2004-05-24,0.0
2004-05-25,0.0
2004-05-26,26.18
2004-05-27,0.0
2004-05-28,6.46
2004-05-29,5.04
2004-05-30,0.0
2004-05-31,0.0
2004-06-01,3.96
2004-06-02,5.17
2004-06-03,7.49
2004-06-04,24.79
2004-06-05,11.64
2004-06-06,6.75
2004-06-07,0.0
2004-06-08,16.25
2004-06-09,25.52
2004-06-10,6.75
2004-06-11,3.96
2004-06-12,7.49
2004-06-13,9.32
2004-06-14,24.71
2004-06-15,24.87
2004-06-16,21.93
2004-06-17,25.91
2004-06-18,8.91
2004-06-19,12.66
2004-06-20,14.42
2004-06-21,11.64
2004-06-22,16.25
2004-06-23,17.17
2004-06-24,32.79
2004-06-25,42.97
2004-06-26,56.29
2004-06-27,68.66
2004-06-28,79.9
2004-06-29,67.53
2004-06-30,65.84
2004-07-01,70.2
2004-07-02,43.1
2004-07-03,19.15
2004-07-04,0.0
2004-07-05,4.95
2004-07-06,9.79
2004-07-07,16.33
2004-07-08,22.94
2004-07-09,32.42
2004-07-10,28.74
2004-07-11,39.98
2004-07-12,35.36
2004-07-13,27.34
2004-07-14,47.81
2004-07-15,41.53
2004-07-16,54.55
2004-07-17,76.2
2004-07-18,93.65
2004-07-19,90.07
2004-07-20,49.41
2004-07-21,30.77
2004-07-22,47.81
2004-07-23,35.9
2004-07-24,79.7
2004-07-25,75.03
2004-07-26,0.0
2004-07-27,0.0
2004-07-28,0.0
2004-07-29,0.0
2004-07-30,0.0
2004-07-31,0.0
2004-08-01,0.0
2004-08-02,0.0
2004-08-03,0.0
2004-08-04,8.58
2004-08-05,0.0
2004-08-06,0.0
2004-08-07,12.18
2004-08-08,13.63
2004-08-09,12.18
2004-08-10,10.22
2004-08-11,15.44
2004-08-12,17.41
2004-08-13,15.44
2004-08-14,0.0
2004-08-15,12.18
2004-08-16,14.62
2004-08-17,16.15
2004-08-18,20.03
2004-08-19,29.29
2004-08-20,19.29
2004-08-21,10.22
2004-08-22,0.0
2004-08-23,0.0
2004-08-24,19.29
2004-08-25,38.9
2004-08-26,0.0
2004-08-27,0.0
2004-08-28,0.0
2004-08-29,0.0
2004-08-30,20.41
2004-08-31,35.06
2004-09-01,0.0
2004-09-02,34.32
2004-09-03,0.0
2004-09-04,0.0
2004-09-05,0.0
2004-09-06,34.32
2004-09-07,34.32
2004-09-08,34.32
2004-09-09,34.32
2004-09-10,34.32
2004-09-11,34.32
2004-09-12,0.0
2004-09-13,0.0
2004-09-14,0.0
2004-09-15,34.32
2004-09-16,34.32
2004-09-17,0.0
2004-09-18,0.0
2004-09-19,0.0
2004-09-20,0.0
2004-09-21,0.0
2004-09-22,0.0
2004-09-23,34.32
2004-09-24,34.32
2004-09-25,34.32
2004-09-26,34.32
2004-09-27,0.0
2004-09-28,0.0
2004-09-29,0.0
2004-09-30,0.0
2004-10-01,0.0
2004-10-02,0.0
2004-10-03,0.0
2004-10-04,0.0
2004-10-05,0.0
2004-10-06,0.0
2004-10-07,0.0
2004-10-08,0.0
2004-10-09,0.0
2004-10-10,0.0
2004-10-11,0.0
2004-10-12,0.0
2004-10-13,0.0
2004-10-14,0.0
2004-10-15,0.0
2004-10-16,0.0
2004-10-17,0.0
2004-10-18,0.0
2004-10-19,0.0
2004-10-20,0.0
2004-10-21,0.0
2004-10-22,0.0
2004-10-23,0.0
2004-10-24,0.0
2004-10-25,0.0
2004-10-26,0.0
2004-10-27,0.0
2004-10-28,0.0
2004-10-29,0.0
2004-10-30,0.0
2004-10-31,0.0
2004-11-01,0.0
2004-11-02,56.16
2004-11-03,0.0
2004-11-04,0.0
2004-11-05,0.0
2004-11-06,0.0
2004-11-07,0.0
2004-11-08,56.16
2004-11-09,56.16
2004-11-10,56.16
2004-11-11,0.0
2004-11-12,0.0
2004-11-13,0.0
2004-11-14,0.0
2004-11-15,0.0
2004-11-16,0.0
2004-11-17,0.0
2004-11-18,0.0
2004-11-19,0.0
2004-11-20,0.0
2004-11-21,0.0
2004-11-22,0.0
2004-11-23,56.16
2004-11-24,0.0
2004-11-25,0.0
2004-11-26,0.0
2004-11-27,0.0
2004-11-28,0.0
2004-11-29,0.0
2004-11-30,0.0
2004-12-01,3.6
2004-12-02,3.6
2004-12-03,3.6
2004-12-04,3.6
2004-12-05,3.6
2004-12-06,3.6
2004-12-07,3.6
2004-12-08,3.6
2004-12-09,3.6
2004-12-10,3.6
2004-12-11,3.6
2004-12-12,3.6
2004-12-13,3.6
2004-12-14,3.6
2004-12-15,3.6
2004-12-16,3.6
2004-12-17,3.6
2004-12-18,3.6
2004-12-19,3.6
2004-12-20,3.6
2004-12-21,3.6
2004-12-22,3.6
2004-12-23,3.6
2004-12-24,3.6
2004-12-25,3.6
2004-12-26,3.6
2004-12-27,3.6
2004-12-28,3.6
2004-12-29,3.6
2004-12-30,3.6
2004-12-31,3.6
2005-01-01,1.31
2005-01-02,1.31
2005-01-03,1.31
2005-01-04,1.31
2005-01-05,1.31
2005-01-06,1.31
2005-01-07,1.31
2005-01-08,1.31
2005-01-09,1.31
2005-01-10,1.31
2005-01-11,1.31
2005-01-12,1.31
2005-01-13,1.31
2005-01-14,1.31
2005-01-15,1.31
2005-01-16,1.31
2005-01-17,1.31
2005-01-18,1.31
2005-01-19,1.31
2005-01-20,1.31
2005-01-21,1.31
2005-01-22,1.31
2005-01-23,1.31
2005-01-24,1.31
2005-01-25,1.31
2005-01-26,1.31
2005-01-27,1.31
2005-01-28,1.31
2005-01-29,1.31
2005-01-30,1.31
2005-01-31,1.31
2005-02-01,0.0
2005-02-02,0.0
2005-02-03,0.0
2005-02-04,0.0
2005-02-05,14.43
2005-02-06,0.0
2005-02-07,0.0
2005-02-08,0.0
2005-02-09,0.0
2005-02-10,0.0
2005-02-11,14.43
2005-02-12,0.0
2005-02-13,0.0
2005-02-14,14.43
2005-02-15,14.43
2005-02-16,14.43
2005-02-17,0.0
2005-02-18,14.43
2005-02-19,14.43
2005-02-20,14.43
2005-02-21,14.43
2005-02-22,14.43
2005-02-23,14.43
2005-02-24,14.43
2005-02-25,14.43
2005-02-26,14.43
2005-02-27,0.0
2005-02-28,0.0
2005-03-01,2.93
2005-03-02,21.57
2005-03-03,7.21
2005-03-04,4.5
2005-03-05,6.97
2005-03-06,2.13
2005-03-07,0.0
2005-03-08,7.21
2005-03-09,10.82
2005-03-10,0.0
2005-03-11,0.0
2005-03-12,0.0
2005-03-13,0.0
2005-03-14,0.0
2005-03-15,0.0
2005-03-16,4.08
2005-03-17,7.68
2005-03-18,13.59
2005-03-19,6.18
2005-03-20,27.44
2005-03-21,0.0
2005-03-22,7.09
2005-03-23,6.48
2005-03-24,6.04
2005-03-25,1.56
2005-03-26,12.68
2005-03-27,5.27
2005-03-28,8.78
2005-03-29,2.13
2005-03-30,0.0
2005-03-31,5.59
2005-04-01,10.97
2005-04-02,3.98
2005-04-03,0.0
2005-04-04,9.38
2005-04-05,10.34
2005-04-06,2.95
2005-04-07,0.0
2005-04-08,12.38
2005-04-09,6.75
2005-04-10,3.51
2005-04-11,7.74
2005-04-12,5.99
2005-04-13,3.98
2005-04-14,10.74
2005-04-15,2.95
2005-04-16,0.0
2005-04-17,9.38
2005-04-18,26.3
2005-04-19,2.95
2005-04-20,12.69
2005-04-21,22.24
2005-04-22,0.0
2005-04-23,12.69
2005-04-24,19.35
2005-04-25,0.0
2005-04-26,5.99
2005-04-27,15.21
2005-04-28,0.0
2005-04-29,0.0
2005-04-30,0.0
2005-05-01,0.0
2005-05-02,0.0
2005-05-03,31.72
2005-05-04,30.86
2005-05-05,47.84
2005-05-06,62.36
2005-05-07,47.97
2005-05-08,66.2
2005-05-09,42.22
2005-05-10,64.06
2005-05-11,27.3
2005-05-12,33.05
2005-05-13,0.0
2005-05-14,8.28
2005-05-15,13.14
2005-05-16,13.77
2005-05-17,13.77
2005-05-18,12.37
2005-05-19,10.74
2005-05-20,13.77
2005-05-21,11.6
2005-05-22,34.89
2005-05-23,39.1
2005-05-24,32.26
2005-05-25,42.71
2005-05-26,59.96
2005-05-27,41.2
2005-05-28,49.14
2005-05-29,30.71
2005-05-30,21.84
2005-05-31,38.43
2005-06-01,23.74
2005-06-02,20.31
2005-06-03,39.4
2005-06-04,41.83
2005-06-05,47.57
2005-06-06,50.17
2005-06-07,65.95
2005-06-08,34.54
2005-06-09,20.31
2005-06-10,15.2
2005-06-11,14.61
2005-06-12,22.23
2005-06-13,22.03
2005-06-14,15.2
2005-06-15,11.64
2005-06-16,6.75
2005-06-17,0.0
2005-06-18,0.0
2005-06-19,0.0
2005-06-20,0.0
2005-06-21,0.0
2005-06-22,0.0
2005-06-23,0.0
2005-06-24,0.0
2005-06-25,0.0
2005-06-26,0.0
2005-06-27,16.57
2005-06-28,5.17
2005-06-29,6.04
2005-06-30,12.66
2005-07-01,16.08
2005-07-02,18.17
2005-07-03,16.33
2005-07-04,0.0
2005-07-05,33.65
2005-07-06,10.86
2005-07-07,8.29
2005-07-08,7.45
2005-07-09,0.0
2005-07-10,0.0
2005-07-11,0.0
2005-07-12,17.76
2005-07-13,0.0
2005-07-14,0.0
2005-07-15,20.6
2005-07-16,0.0
2005-07-17,0.0
2005-07-18,9.18
2005-07-19,9.18
2005-07-20,4.95
2005-07-21,0.0
2005-07-22,0.0
2005-07-23,0.0
2005-07-24,0.0
2005-07-25,0.0
2005-07-26,9.79
2005-07-27,11.33
2005-07-28,11.33
2005-07-29,10.86
2005-07-30,7.45
2005-07-31,0.0
2005-08-01,13.63
2005-08-02,17.41
2005-08-03,17.41
2005-08-04,21.34
2005-08-05,28.81
2005-08-06,29.75
2005-08-07,50.67
2005-08-08,54.31
2005-08-09,36.88
2005-08-10,38.62
2005-08-11,0.0
2005-08-12,0.0
2005-08-13,0.0
2005-08-14,0.0
2005-08-15,0.0
2005-08-16,0.0
2005-08-17,0.0
2005-08-18,0.0
2005-08-19,22.73
2005-08-20,8.58
2005-08-21,12.18
2005-08-22,13.63
2005-08-23,13.04
2005-08-24,11.33
2005-08-25,0.0
2005-08-26,0.0
2005-08-27,0.0
2005-08-28,22.73
2005-08-29,33.4
2005-08-30,0.0
2005-08-31,0.0
2005-09-01,0.0
2005-09-02,0.0
2005-09-03,0.0
2005-09-04,0.0
2005-09-05,34.32
2005-09-06,34.32
2005-09-07,34.32
2005-09-08,34.32
2005-09-09,34.32
2005-09-10,34.32
2005-09-11,0.0
2005-09-12,0.0
2005-09-13,0.0
2005-09-14,34.32
2005-09-15,0.0
2005-09-16,0.0
2005-09-17,0.0
2005-09-18,0.0
2005-09-19,0.0
2005-09-20,34.32
2005-09-21,0.0
2005-09-22,0.0
2005-09-23,0.0
2005-09-24,0.0
2005-09-25,0.0
2005-09-26,0.0
2005-09-27,0.0
2005-09-28,34.32
2005-09-29,34.32
2005-09-30,34.32
2005-10-01,0.0
2005-10-02,0.0
2005-10-03,0.0
2005-10-04,0.0
2005-10-05,0.0
2005-10-06,0.0
2005-10-07,0.0
2005-10-08,0.0
2005-10-09,0.0
2005-10-10,0.0
2005-10-11,0.0
2005-10-12,52.7
2005-10-13,0.0
2005-10-14,0.0
2005-10-15,0.0
2005-10-16,0.0
2005-10-17,0.0
2005-10-18,0.0
2005-10-19,0.0
2005-10-20,0.0
2005-10-21,0.0
2005-10-22,0.0
2005-10-23,0.0
2005-10-24,0.0
2005-10-25,0.0
2005-10-26,0.0
2005-10-27,0.0
2005-10-28,0.0
2005-10-29,0.0
2005-10-30,52.7
2005-10-31,0.0
2005-11-01,0.0
2005-11-02,0.0
2005-11-03,0.0
2005-11-04,0.0
2005-11-05,0.0
2005-11-06,56.16
2005-11-07,56.16
2005-11-08,0.0
2005-11-09,0.0
2005-11-10,0.0
2005-11-11,0.0
2005-11-12,0.0
2005-11-13,0.0
2005-11-14,0.0
2005-11-15,0.0
2005-11-16,0.0
2005-11-17,0.0
2005-11-18,0.0
2005-11-19,0.0
2005-11-20,0.0
2005-11-21,0.0
2005-11-22,0.0
2005-11-23,0.0
2005-11-24,0.0
2005-11-25,0.0
2005-11-26,0.0
2005-11-27,0.0
2005-11-28,0.0
2005-11-29,0.0
2005-11-30,0.0
2005-12-01,3.6
2005-12-02,3.6
2005-12-03,3.6
2005-12-04,3.6
2005-12-05,3.6
2005-12-06,3.6
2005-12-07,3.6
2005-12-08,3.6
2005-12-09,3.6
2005-12-10,3.6
2005-12-11,3.6
2005-12-12,3.6
2005-12-13,3.6
2005-12-14,3.6
2005-12-15,3.6
2005-12-16,3.6
2005-12-17,3.6
